45.12.30.171,443,0.0.0.0,SG,Singapore,官方,10 ms
128.199.123.79,443,128.199.123.79,SG,Singapore,中转,2 ms
45.12.30.25,443,0.0.0.0,SG,Singapore,官方,10 ms
45.12.30.210,443,0.0.0.0,SG,Singapore,官方,21 ms
194.36.55.180,443,0.0.0.0,SG,Singapore,官方,10 ms
45.12.30.206,443,0.0.0.0,SG,Singapore,官方,20 ms
194.36.55.33,443,0.0.0.0,SG,Singapore,官方,46 ms
45.12.31.35,443,0.0.0.0,SG,Singapore,官方,42 ms
194.36.55.137,443,0.0.0.0,SG,Singapore,官方,35 ms
194.36.55.207,443,0.0.0.0,SG,Singapore,官方,35 ms
194.36.55.138,443,0.0.0.0,SG,Singapore,官方,76 ms
45.12.31.211,443,0.0.0.0,SG,Singapore,官方,35 ms
45.12.31.161,443,0.0.0.0,SG,Singapore,官方,27 ms
194.36.49.1,443,0.0.0.0,SG,Singapore,官方,38 ms
88.202.185.49,443,88.202.185.49,GB,London,中转,168 ms
77.68.25.18,443,77.68.122.200,GB,London,隧道,167 ms
194.36.55.153,443,0.0.0.0,SG,Singapore,官方,113 ms
194.36.55.72,443,0.0.0.0,SG,Singapore,官方,5 ms
31.24.227.152,443,31.24.227.152,NL,Amsterdam,中转,172 ms
45.12.30.243,443,0.0.0.0,SG,Singapore,官方,116 ms
45.12.30.98,443,0.0.0.0,SG,Singapore,官方,181 ms
45.12.31.240,443,0.0.0.0,SG,Singapore,官方,148 ms
151.115.53.115,443,151.115.53.115,PL,Budapest,中转,250 ms
45.12.31.94,443,0.0.0.0,SG,Singapore,官方,148 ms
45.12.30.144,443,0.0.0.0,SG,Singapore,官方,142 ms
151.236.221.122,443,139.162.236.204,GB,London,隧道,161 ms
194.36.55.42,443,0.0.0.0,SG,Singapore,官方,170 ms
194.36.55.123,443,0.0.0.0,SG,Singapore,官方,71 ms
185.66.164.51,443,185.66.164.4,GB,London,隧道,236 ms
194.36.55.188,443,0.0.0.0,SG,Singapore,官方,12 ms
45.12.31.54,443,0.0.0.0,SG,Singapore,官方,153 ms
88.202.230.75,443,88.202.230.75,GB,London,中转,167 ms
88.202.185.252,443,88.202.185.252,GB,London,中转,198 ms
45.12.31.105,443,0.0.0.0,SG,Singapore,官方,212 ms
217.174.240.152,443,217.174.240.141,GB,London,隧道,177 ms
176.58.121.134,443,139.162.214.108,GB,London,隧道,163 ms
194.36.55.126,443,0.0.0.0,SG,Singapore,官方,164 ms
176.58.124.241,443,176.58.124.139,GB,London,隧道,170 ms
45.12.31.228,443,0.0.0.0,SG,Singapore,官方,147 ms
178.79.146.77,443,178.79.132.249,GB,London,隧道,161 ms
45.12.30.187,443,0.0.0.0,SG,Singapore,官方,170 ms
45.12.31.25,443,0.0.0.0,SG,Singapore,官方,28 ms
85.159.212.49,443,80.85.84.74,GB,London,隧道,156 ms
45.12.31.39,443,0.0.0.0,SG,Singapore,官方,75 ms
194.36.55.19,443,0.0.0.0,SG,Singapore,官方,192 ms
88.202.230.47,443,88.202.230.47,GB,London,中转,153 ms
31.24.224.144,443,31.24.224.144,GB,London,中转,198 ms
194.36.55.182,443,0.0.0.0,SG,Singapore,官方,25 ms
45.12.30.97,443,0.0.0.0,SG,Singapore,官方,150 ms
45.12.30.236,443,0.0.0.0,SG,Singapore,官方,171 ms
194.36.55.155,443,0.0.0.0,SG,Singapore,官方,4 ms
194.36.55.6,443,0.0.0.0,SG,Singapore,官方,72 ms
194.36.55.164,443,0.0.0.0,SG,Singapore,官方,160 ms
151.115.50.44,443,151.115.50.44,PL,Budapest,中转,485 ms
151.115.58.118,443,151.115.58.118,PL,Budapest,中转,250 ms
178.79.147.180,443,139.162.254.185,GB,London,隧道,165 ms
88.202.185.58,443,88.202.185.58,GB,London,中转,166 ms
178.79.191.8,443,176.58.117.53,GB,London,隧道,160 ms
45.12.31.3,443,0.0.0.0,SG,Singapore,官方,125 ms
88.202.185.81,443,88.202.185.81,GB,London,中转,168 ms
45.12.30.126,443,0.0.0.0,SG,Singapore,官方,88 ms
194.36.55.36,443,0.0.0.0,SG,Singapore,官方,208 ms
45.12.30.125,443,0.0.0.0,SG,Singapore,官方,202 ms
45.12.31.132,443,0.0.0.0,SG,Singapore,官方,88 ms
45.12.30.52,443,0.0.0.0,SG,Singapore,官方,83 ms
87.117.243.254,443,2a00:2381:5374:13::233,GB,London,隧道,155 ms
178.79.184.34,443,178.79.184.18,GB,London,隧道,169 ms
45.12.31.231,443,0.0.0.0,SG,Singapore,官方,43 ms
45.12.31.180,443,0.0.0.0,SG,Singapore,官方,79 ms
31.24.224.158,443,31.24.224.158,GB,London,中转,162 ms
194.36.55.70,443,0.0.0.0,SG,Singapore,官方,43 ms
194.36.55.61,443,0.0.0.0,SG,Singapore,官方,187 ms
45.12.30.82,443,0.0.0.0,SG,Singapore,官方,224 ms
163.172.168.123,443,163.172.168.123,FR,Paris,中转,236 ms
194.36.55.201,443,0.0.0.0,SG,Singapore,官方,213 ms
128.199.124.73,443,128.199.124.73,SG,Singapore,中转,216 ms
87.117.205.40,443,87.117.205.2,GB,London,隧道,164 ms
128.199.40.165,443,128.199.40.165,NL,Amsterdam,中转,166 ms
45.12.31.75,443,0.0.0.0,SG,Singapore,官方,34 ms
194.36.55.79,443,0.0.0.0,SG,Singapore,官方,67 ms
45.12.31.55,443,0.0.0.0,SG,Singapore,官方,72 ms
45.12.30.18,443,0.0.0.0,SG,Singapore,官方,220 ms
212.78.94.91,443,212.78.94.91,GB,London,中转,154 ms
194.36.55.23,443,0.0.0.0,SG,Singapore,官方,75 ms
45.12.31.6,443,0.0.0.0,SG,Singapore,官方,196 ms
45.12.30.37,443,0.0.0.0,SG,Singapore,官方,131 ms
45.12.31.90,443,0.0.0.0,SG,Singapore,官方,243 ms
151.115.52.35,443,151.115.52.35,PL,Budapest,中转,261 ms
45.12.30.87,443,0.0.0.0,SG,Singapore,官方,157 ms
194.36.55.65,443,0.0.0.0,SG,Singapore,官方,26 ms
151.115.62.55,443,151.115.62.55,PL,Budapest,中转,247 ms
194.36.55.216,443,0.0.0.0,SG,Singapore,官方,48 ms
194.36.55.196,443,0.0.0.0,SG,Singapore,官方,166 ms
178.79.182.61,443,139.162.203.153,GB,London,隧道,192 ms
45.12.30.114,443,0.0.0.0,SG,Singapore,官方,53 ms
45.12.30.237,443,0.0.0.0,SG,Singapore,官方,224 ms
194.36.55.159,443,0.0.0.0,SG,Singapore,官方,236 ms
45.12.30.151,443,0.0.0.0,SG,Singapore,官方,69 ms
194.36.55.16,443,0.0.0.0,SG,Singapore,官方,199 ms
45.12.31.69,443,0.0.0.0,SG,Singapore,官方,141 ms
163.172.158.173,443,163.172.158.173,FR,Paris,中转,232 ms
45.12.30.183,443,0.0.0.0,SG,Singapore,官方,54 ms
128.199.10.52,443,128.199.10.52,US,San Jose,中转,166 ms
151.115.57.197,443,151.115.57.197,PL,Budapest,中转,257 ms
88.202.183.238,443,88.202.183.238,SA,London,中转,167 ms
45.12.31.10,443,0.0.0.0,SG,Singapore,官方,131 ms
45.12.31.67,443,0.0.0.0,SG,Singapore,官方,70 ms
194.36.55.187,443,0.0.0.0,SG,Singapore,官方,74 ms
194.36.55.51,443,0.0.0.0,SG,Singapore,官方,96 ms
31.24.227.53,443,31.24.227.53,NL,Amsterdam,中转,169 ms
45.12.30.188,443,0.0.0.0,SG,Singapore,官方,201 ms
45.12.31.137,443,0.0.0.0,SG,Singapore,官方,106 ms
45.12.31.37,443,0.0.0.0,SG,Singapore,官方,174 ms
194.36.55.83,443,0.0.0.0,SG,Singapore,官方,50 ms
178.79.185.150,443,178.79.182.101,GB,London,隧道,169 ms
45.12.30.131,443,0.0.0.0,SG,Singapore,官方,200 ms
45.12.30.40,443,0.0.0.0,SG,Singapore,官方,157 ms
45.155.222.25,443,45.155.222.25,US,Los Angeles,中转,175 ms
194.36.55.95,443,0.0.0.0,SG,Singapore,官方,15 ms
194.36.55.183,443,0.0.0.0,SG,Singapore,官方,146 ms
45.12.31.185,443,0.0.0.0,SG,Singapore,官方,186 ms
194.36.55.27,443,0.0.0.0,SG,Singapore,官方,29 ms
88.202.178.101,443,88.202.178.101,US,Newark,中转,221 ms
45.12.31.45,443,0.0.0.0,SG,Singapore,官方,104 ms
212.71.234.228,443,151.236.221.106,GB,London,隧道,159 ms
45.12.30.224,443,0.0.0.0,SG,Singapore,官方,138 ms
88.202.185.68,443,88.202.185.68,GB,London,中转,170 ms
45.12.31.18,443,0.0.0.0,SG,Singapore,官方,177 ms
45.12.30.209,443,0.0.0.0,SG,Singapore,官方,17 ms
45.12.30.53,443,0.0.0.0,SG,Singapore,官方,88 ms
178.79.165.111,443,139.162.211.67,GB,London,隧道,194 ms
185.80.222.26,443,185.80.222.26,NL,Amsterdam,中转,174 ms
88.202.230.128,443,88.202.230.128,GB,London,中转,165 ms
45.12.31.56,443,0.0.0.0,SG,Singapore,官方,28 ms
45.12.30.180,443,0.0.0.0,SG,Singapore,官方,60 ms
88.202.230.159,443,88.202.230.159,GB,London,中转,181 ms
194.36.55.217,443,0.0.0.0,SG,Singapore,官方,37 ms
194.36.55.13,443,0.0.0.0,SG,Singapore,官方,131 ms
45.12.30.230,443,0.0.0.0,SG,Singapore,官方,64 ms
194.36.55.143,443,0.0.0.0,SG,Singapore,官方,168 ms
45.155.223.39,443,45.155.223.39,GB,Los Angeles,中转,172 ms
176.58.117.37,443,139.162.199.211,GB,London,隧道,157 ms
185.80.222.138,443,185.80.222.138,NL,Amsterdam,中转,171 ms
163.172.152.169,443,163.172.152.169,FR,Paris,中转,233 ms
45.12.31.116,443,0.0.0.0,SG,Singapore,官方,10 ms
82.163.73.26,443,82.163.73.26,GB,London,中转,167 ms
88.80.186.240,443,213.219.39.249,GB,London,隧道,160 ms
217.174.240.141,443,217.174.240.141,GB,Paris,中转,388 ms
45.12.30.141,443,0.0.0.0,SG,Singapore,官方,93 ms
45.12.30.34,443,0.0.0.0,SG,Singapore,官方,48 ms
185.94.190.36,443,185.94.190.36,HU,Budapest,中转,454 ms
45.12.31.73,443,0.0.0.0,SG,Singapore,官方,44 ms
128.199.47.236,443,128.199.47.236,NL,Amsterdam,中转,159 ms
212.71.253.209,443,178.79.162.103,GB,London,隧道,163 ms
178.79.155.174,443,176.58.107.136,GB,London,隧道,161 ms
194.36.55.60,443,0.0.0.0,SG,Singapore,官方,154 ms
178.79.143.18,443,176.58.106.31,GB,London,隧道,161 ms
45.12.30.56,443,0.0.0.0,SG,Singapore,官方,61 ms
151.115.58.172,443,151.115.58.172,PL,Budapest,中转,246 ms
185.80.220.45,443,185.80.220.45,GB,Amsterdam,中转,166 ms
45.12.30.59,443,0.0.0.0,SG,Singapore,官方,4 ms
194.36.55.204,443,0.0.0.0,SG,Singapore,官方,175 ms
194.36.55.254,443,0.0.0.0,SG,Singapore,官方,66 ms
45.12.31.152,443,0.0.0.0,SG,Singapore,官方,169 ms
185.93.182.54,443,185.93.182.54,ES,Madrid,中转,281 ms
163.172.150.70,443,163.172.150.70,FR,Paris,中转,241 ms
45.12.30.77,443,0.0.0.0,SG,Singapore,官方,145 ms
178.79.141.64,443,178.79.130.174,GB,London,隧道,161 ms
78.129.226.113,443,109.185.236.240,MD,Bucharest,隧道,160 ms
176.58.105.35,443,176.58.105.232,GB,London,隧道,188 ms
45.12.31.112,443,0.0.0.0,SG,Singapore,官方,120 ms
194.36.55.251,443,0.0.0.0,SG,Singapore,官方,54 ms
194.36.55.107,443,0.0.0.0,SG,Singapore,官方,175 ms
91.220.203.90,443,91.220.203.90,US,Los Angeles,中转,182 ms
178.79.158.132,443,139.162.211.166,GB,London,隧道,162 ms
45.12.31.88,443,0.0.0.0,SG,Singapore,官方,15 ms
194.36.55.240,443,0.0.0.0,SG,Singapore,官方,245 ms
88.202.185.144,443,88.202.185.144,GB,London,中转,158 ms
45.12.31.235,443,0.0.0.0,SG,Singapore,官方,49 ms
88.202.183.230,443,88.202.183.230,SA,London,中转,169 ms
45.12.30.55,443,0.0.0.0,SG,Singapore,官方,242 ms
212.38.189.246,443,216.120.189.252,GB,London,隧道,173 ms
31.24.230.83,443,31.24.230.83,GB,London,中转,167 ms
194.36.55.178,443,0.0.0.0,SG,Singapore,官方,135 ms
194.36.55.14,443,0.0.0.0,SG,Singapore,官方,78 ms
128.199.173.196,443,128.199.173.196,SG,Singapore,中转,84 ms
45.12.30.92,443,0.0.0.0,SG,Singapore,官方,185 ms
194.36.55.45,443,0.0.0.0,SG,Singapore,官方,196 ms
45.12.31.252,443,0.0.0.0,SG,Singapore,官方,108 ms
194.36.55.98,443,0.0.0.0,SG,Singapore,官方,55 ms
151.115.55.173,443,151.115.55.173,PL,Budapest,中转,251 ms
88.202.190.25,443,88.202.190.25,GB,London,中转,236 ms
80.85.84.17,443,139.162.207.116,GB,London,隧道,167 ms
45.12.31.76,443,0.0.0.0,SG,Singapore,官方,172 ms
194.36.55.146,443,0.0.0.0,SG,Singapore,官方,85 ms
31.24.224.174,443,31.24.224.174,GB,London,中转,152 ms
217.168.16.64,443,217.168.16.64,GB,London,中转,244 ms
45.12.31.203,443,0.0.0.0,SG,Singapore,官方,146 ms
45.12.31.227,443,0.0.0.0,SG,Singapore,官方,220 ms
45.12.30.76,443,0.0.0.0,SG,Singapore,官方,9 ms
45.12.31.65,443,0.0.0.0,SG,Singapore,官方,71 ms
151.115.56.145,443,151.115.56.145,PL,Budapest,中转,243 ms
194.36.55.58,443,0.0.0.0,SG,Singapore,官方,64 ms
185.80.222.205,443,185.80.222.205,NL,Amsterdam,中转,160 ms
194.36.55.119,443,0.0.0.0,SG,Singapore,官方,196 ms
194.36.55.34,443,0.0.0.0,SG,Singapore,官方,185 ms
45.12.31.208,443,0.0.0.0,SG,Singapore,官方,114 ms
128.199.62.225,443,128.199.62.225,NL,Amsterdam,中转,167 ms
194.36.55.218,443,0.0.0.0,SG,Singapore,官方,23 ms
45.12.30.162,443,0.0.0.0,SG,Singapore,官方,37 ms
194.36.55.166,443,0.0.0.0,SG,Singapore,官方,159 ms
45.12.31.229,443,0.0.0.0,SG,Singapore,官方,81 ms
176.58.105.128,443,176.58.105.121,GB,London,隧道,177 ms
178.79.176.46,443,178.79.142.253,GB,London,隧道,245 ms
194.36.55.43,443,0.0.0.0,SG,Singapore,官方,149 ms
45.12.31.60,443,0.0.0.0,SG,Singapore,官方,29 ms
151.115.51.64,443,151.115.51.64,PL,Budapest,中转,248 ms
194.36.55.44,443,0.0.0.0,SG,Singapore,官方,110 ms
178.79.137.140,443,176.58.104.224,GB,London,隧道,161 ms
45.12.31.175,443,0.0.0.0,SG,Singapore,官方,94 ms
45.12.31.111,443,0.0.0.0,SG,Singapore,官方,51 ms
178.79.184.30,443,178.79.183.165,GB,London,隧道,161 ms
45.12.30.196,443,0.0.0.0,SG,Singapore,官方,37 ms
178.79.176.140,443,176.58.112.174,GB,London,隧道,185 ms
45.12.31.184,443,0.0.0.0,SG,Singapore,官方,76 ms
45.12.31.173,443,0.0.0.0,SG,Singapore,官方,91 ms
88.202.183.131,443,88.202.183.131,SA,London,中转,168 ms
77.68.116.244,443,85.235.77.150,GB,Bucharest,隧道,158 ms
45.12.31.146,443,0.0.0.0,SG,Singapore,官方,83 ms
185.3.94.66,443,185.3.94.22,GB,London,隧道,161 ms
163.172.160.36,443,163.172.160.36,FR,Paris,中转,242 ms
45.12.31.204,443,0.0.0.0,SG,Singapore,官方,77 ms
88.202.185.121,443,88.202.185.121,GB,London,中转,167 ms
178.79.145.35,443,176.58.96.239,GB,London,隧道,169 ms
45.12.31.233,443,0.0.0.0,SG,Singapore,官方,146 ms
45.12.31.58,443,0.0.0.0,SG,Singapore,官方,88 ms
45.12.31.253,443,0.0.0.0,SG,Singapore,官方,36 ms
88.80.185.71,443,151.236.222.167,GB,London,隧道,162 ms
178.79.182.65,443,178.79.182.64,GB,London,隧道,169 ms
45.12.30.85,443,0.0.0.0,SG,Singapore,官方,17 ms
194.36.55.170,443,0.0.0.0,SG,Singapore,官方,79 ms
88.202.177.111,443,88.202.177.111,NL,Amsterdam,中转,167 ms
88.80.186.211,443,213.219.39.232,GB,London,隧道,161 ms
163.172.180.28,443,163.172.180.28,FR,Paris,中转,243 ms
45.12.30.65,443,0.0.0.0,SG,Singapore,官方,188 ms
45.12.31.22,443,0.0.0.0,SG,Singapore,官方,179 ms
151.115.46.213,443,151.115.46.213,PL,Budapest,中转,264 ms
212.71.237.79,443,176.58.112.185,GB,London,隧道,164 ms
185.3.94.94,443,109.237.26.211,GB,London,隧道,155 ms
45.12.30.173,443,0.0.0.0,SG,Singapore,官方,185 ms
45.12.31.154,443,0.0.0.0,SG,Singapore,官方,70 ms
194.36.55.47,443,0.0.0.0,SG,Singapore,官方,71 ms
194.36.55.165,443,0.0.0.0,SG,Singapore,官方,185 ms
45.12.31.13,443,0.0.0.0,SG,Singapore,官方,113 ms
109.74.197.215,443,109.74.194.94,GB,London,隧道,163 ms
194.36.55.197,443,0.0.0.0,SG,Singapore,官方,105 ms
194.36.55.219,443,0.0.0.0,SG,Singapore,官方,21 ms
45.12.30.78,443,0.0.0.0,SG,Singapore,官方,203 ms
194.36.55.134,443,0.0.0.0,SG,Singapore,官方,77 ms
45.12.31.109,443,0.0.0.0,SG,Singapore,官方,66 ms
194.36.55.202,443,0.0.0.0,SG,Singapore,官方,9 ms
178.79.166.128,443,139.162.249.190,GB,London,隧道,154 ms
45.12.30.250,443,0.0.0.0,SG,Singapore,官方,14 ms
151.115.41.108,443,151.115.41.108,PL,Budapest,中转,247 ms
45.12.31.48,443,0.0.0.0,SG,Singapore,官方,41 ms
45.12.30.118,443,0.0.0.0,SG,Singapore,官方,177 ms
45.12.31.142,443,0.0.0.0,SG,Singapore,官方,57 ms
45.12.30.164,443,0.0.0.0,SG,Singapore,官方,169 ms
45.12.30.123,443,0.0.0.0,SG,Singapore,官方,162 ms
45.12.30.46,443,0.0.0.0,SG,Singapore,官方,31 ms
88.202.230.233,443,88.202.230.233,GB,London,中转,164 ms
45.12.30.222,443,0.0.0.0,SG,Singapore,官方,207 ms
45.12.31.155,443,0.0.0.0,SG,Singapore,官方,192 ms
194.36.55.55,443,0.0.0.0,SG,Singapore,官方,76 ms
194.36.55.129,443,0.0.0.0,SG,Singapore,官方,169 ms
45.12.30.219,443,0.0.0.0,SG,Singapore,官方,250 ms
178.79.146.66,443,176.58.105.23,GB,London,隧道,204 ms
128.199.248.207,443,128.199.248.207,SG,Singapore,中转,120 ms
151.115.39.203,443,151.115.39.203,PL,Budapest,中转,244 ms
194.36.55.125,443,0.0.0.0,SG,Singapore,官方,33 ms
45.12.30.193,443,0.0.0.0,SG,Singapore,官方,74 ms
151.115.36.156,443,151.115.36.156,PL,Budapest,中转,248 ms
128.199.62.16,443,128.199.62.16,NL,Amsterdam,中转,159 ms
45.12.30.227,443,0.0.0.0,SG,Singapore,官方,178 ms
45.12.30.54,443,0.0.0.0,SG,Singapore,官方,130 ms
212.71.245.56,443,212.71.245.130,GB,London,隧道,161 ms
45.12.31.98,443,0.0.0.0,SG,Singapore,官方,74 ms
45.12.30.255,443,0.0.0.0,SG,Singapore,官方,74 ms
45.12.30.130,443,0.0.0.0,SG,Singapore,官方,49 ms
176.58.117.113,443,109.237.26.32,GB,London,隧道,226 ms
194.36.55.28,443,0.0.0.0,SG,Singapore,官方,166 ms
151.115.32.131,443,151.115.32.131,PL,Budapest,中转,254 ms
45.12.30.155,443,0.0.0.0,SG,Singapore,官方,89 ms
128.199.151.73,443,128.199.151.73,SG,Singapore,中转,118 ms
45.12.30.105,443,0.0.0.0,SG,Singapore,官方,25 ms
194.36.55.156,443,0.0.0.0,SG,Singapore,官方,78 ms
194.36.55.132,443,0.0.0.0,SG,Singapore,官方,41 ms
151.115.62.10,443,151.115.62.10,PL,Budapest,中转,244 ms
176.58.106.191,443,139.162.201.149,GB,London,隧道,161 ms
45.12.30.112,443,0.0.0.0,SG,Singapore,官方,3 ms
45.12.30.247,443,0.0.0.0,SG,Singapore,官方,131 ms
80.85.84.205,443,139.162.250.222,GB,London,隧道,161 ms
45.12.31.248,443,0.0.0.0,SG,Singapore,官方,63 ms
45.12.31.200,443,0.0.0.0,SG,Singapore,官方,145 ms
45.12.31.156,443,0.0.0.0,SG,Singapore,官方,149 ms
45.12.31.157,443,0.0.0.0,SG,Singapore,官方,71 ms
151.115.47.211,443,151.115.47.211,PL,Budapest,中转,250 ms
194.36.55.101,443,0.0.0.0,SG,Singapore,官方,256 ms
151.115.39.18,443,151.115.39.18,PL,Budapest,中转,253 ms
194.36.55.208,443,0.0.0.0,SG,Singapore,官方,126 ms
185.80.220.17,443,185.80.220.17,GB,Amsterdam,中转,178 ms
194.36.55.5,443,0.0.0.0,SG,Singapore,官方,200 ms
194.36.55.220,443,0.0.0.0,SG,Singapore,官方,181 ms
194.36.55.91,443,0.0.0.0,SG,Singapore,官方,64 ms
212.71.255.70,443,212.71.255.221,GB,London,隧道,161 ms
128.199.23.94,443,128.199.23.94,IN,Mumbai,中转,41 ms
45.12.30.214,443,0.0.0.0,SG,Singapore,官方,207 ms
85.159.209.245,443,176.58.108.34,GB,London,隧道,153 ms
45.12.31.115,443,0.0.0.0,SG,Singapore,官方,122 ms
185.189.115.164,443,185.189.115.164,RO,Prague,中转,353 ms
212.71.245.241,443,212.71.245.163,GB,London,隧道,156 ms
212.71.234.82,443,176.58.113.194,GB,London,隧道,159 ms
178.79.163.26,443,109.74.206.186,GB,London,隧道,162 ms
194.36.55.150,443,0.0.0.0,SG,Singapore,官方,107 ms
194.36.55.157,443,0.0.0.0,SG,Singapore,官方,36 ms
178.79.161.127,443,151.236.218.171,GB,London,隧道,153 ms
194.36.55.152,443,0.0.0.0,SG,Singapore,官方,194 ms
194.36.55.106,443,0.0.0.0,SG,Singapore,官方,34 ms
88.202.190.58,443,88.202.190.58,GB,London,中转,158 ms
185.93.183.45,443,185.93.183.45,IT,Milan,中转,285 ms
194.36.55.168,443,0.0.0.0,SG,Singapore,官方,23 ms
151.115.44.92,443,151.115.44.92,PL,Budapest,中转,460 ms
45.12.31.198,443,0.0.0.0,SG,Singapore,官方,32 ms
45.12.30.58,443,0.0.0.0,SG,Singapore,官方,107 ms
194.36.55.175,443,0.0.0.0,SG,Singapore,官方,242 ms
151.115.57.6,443,151.115.57.6,PL,Budapest,中转,245 ms
194.36.55.110,443,0.0.0.0,SG,Singapore,官方,65 ms
45.12.30.113,443,0.0.0.0,SG,Singapore,官方,35 ms
45.12.30.161,443,0.0.0.0,SG,Singapore,官方,130 ms
45.12.30.169,443,0.0.0.0,SG,Singapore,官方,141 ms
45.12.31.70,443,0.0.0.0,SG,Singapore,官方,153 ms
151.115.60.217,443,151.115.60.217,PL,Budapest,中转,246 ms
45.12.31.129,443,0.0.0.0,SG,Singapore,官方,11 ms
212.111.42.248,443,178.79.130.103,GB,London,隧道,176 ms
151.115.52.208,443,151.115.52.208,PL,Budapest,中转,246 ms
45.12.31.20,443,0.0.0.0,SG,Singapore,官方,137 ms
185.227.68.121,443,185.227.68.121,FI,Tallinn,中转,295 ms
194.36.55.18,443,0.0.0.0,SG,Singapore,官方,25 ms
45.12.31.149,443,0.0.0.0,SG,Singapore,官方,38 ms
88.202.185.118,443,88.202.185.118,GB,London,中转,162 ms
212.78.94.92,443,212.78.94.92,GB,London,中转,154 ms
151.115.57.166,443,151.115.57.166,PL,Budapest,中转,250 ms
178.79.182.97,443,178.79.182.88,GB,London,隧道,162 ms
178.79.182.207,443,139.162.242.153,GB,London,隧道,162 ms
194.36.55.225,443,0.0.0.0,SG,Singapore,官方,181 ms
194.36.55.158,443,0.0.0.0,SG,Singapore,官方,186 ms
194.36.55.40,443,0.0.0.0,SG,Singapore,官方,129 ms
45.12.31.66,443,0.0.0.0,SG,Singapore,官方,124 ms
45.12.31.239,443,0.0.0.0,SG,Singapore,官方,81 ms
194.36.55.191,443,0.0.0.0,SG,Singapore,官方,105 ms
45.12.30.181,443,0.0.0.0,SG,Singapore,官方,73 ms
88.80.189.72,443,178.79.177.105,GB,London,隧道,170 ms
194.36.55.249,443,0.0.0.0,SG,Singapore,官方,97 ms
88.202.230.189,443,88.202.230.189,GB,London,中转,154 ms
77.68.49.124,443,77.68.49.124,GB,London,中转,167 ms
194.36.55.108,443,0.0.0.0,SG,Singapore,官方,185 ms
194.36.55.116,443,0.0.0.0,SG,Singapore,官方,47 ms
31.24.230.58,443,31.24.230.58,GB,London,中转,164 ms
194.36.55.140,443,0.0.0.0,SG,Singapore,官方,8 ms
45.12.31.26,443,0.0.0.0,SG,Singapore,官方,189 ms
185.80.220.57,443,185.80.220.57,GB,Amsterdam,中转,168 ms
128.199.134.132,443,128.199.134.132,SG,Singapore,中转,85 ms
45.12.31.192,443,0.0.0.0,SG,Singapore,官方,9 ms
45.12.31.139,443,0.0.0.0,SG,Singapore,官方,172 ms
194.36.55.179,443,0.0.0.0,SG,Singapore,官方,42 ms
31.24.230.54,443,31.24.230.54,GB,London,中转,160 ms
45.12.31.166,443,0.0.0.0,SG,Singapore,官方,80 ms
178.79.178.16,443,176.58.103.9,GB,London,隧道,169 ms
45.12.30.122,443,0.0.0.0,SG,Singapore,官方,170 ms
151.115.52.194,443,151.115.52.194,PL,Budapest,中转,250 ms
88.202.187.254,443,88.202.187.254,GB,London,中转,195 ms
45.12.31.71,443,0.0.0.0,SG,Singapore,官方,196 ms
45.12.31.102,443,0.0.0.0,SG,Singapore,官方,136 ms
147.78.13.77,443,147.78.13.77,NL,Amsterdam,中转,208 ms
78.129.226.76,443,78.129.226.64,GB,London,隧道,165 ms
194.36.55.96,443,0.0.0.0,SG,Singapore,官方,12 ms
45.12.31.148,443,0.0.0.0,SG,Singapore,官方,1 ms
45.12.31.138,443,0.0.0.0,SG,Singapore,官方,12 ms
85.159.208.76,443,213.219.37.234,GB,London,隧道,156 ms
45.12.31.82,443,0.0.0.0,SG,Singapore,官方,1 ms
45.12.30.8,443,0.0.0.0,SG,Singapore,官方,58 ms
45.12.31.167,443,0.0.0.0,SG,Singapore,官方,108 ms
45.12.30.51,443,0.0.0.0,SG,Singapore,官方,52 ms
194.36.55.56,443,0.0.0.0,SG,Singapore,官方,268 ms
194.36.55.25,443,0.0.0.0,SG,Singapore,官方,119 ms
45.12.31.21,443,0.0.0.0,SG,Singapore,官方,168 ms
151.115.46.173,443,151.115.46.173,PL,Budapest,中转,244 ms
88.202.187.204,443,88.202.187.204,GB,London,中转,166 ms
45.12.30.121,443,0.0.0.0,SG,Singapore,官方,19 ms
45.12.30.132,443,0.0.0.0,SG,Singapore,官方,176 ms
151.236.221.76,443,151.236.221.70,GB,London,隧道,219 ms
194.36.49.19,443,0.0.0.0,SG,Singapore,官方,81 ms
176.58.98.42,443,109.74.203.64,GB,London,隧道,161 ms
194.36.55.12,443,0.0.0.0,SG,Singapore,官方,176 ms
194.36.55.203,443,0.0.0.0,SG,Singapore,官方,69 ms
152.89.205.2,443,152.89.205.2,GB,London,中转,244 ms
45.12.31.177,443,0.0.0.0,SG,Singapore,官方,54 ms
45.12.31.2,443,0.0.0.0,SG,Singapore,官方,173 ms
45.12.30.44,443,0.0.0.0,SG,Singapore,官方,110 ms
45.12.30.143,443,0.0.0.0,SG,Singapore,官方,105 ms
178.79.135.131,443,139.162.253.196,GB,London,隧道,161 ms
178.79.161.209,443,178.79.158.45,GB,London,隧道,204 ms
45.12.30.28,443,0.0.0.0,SG,Singapore,官方,89 ms
88.202.230.203,443,88.202.230.203,GB,London,中转,168 ms
194.36.55.22,443,0.0.0.0,SG,Singapore,官方,208 ms
178.79.142.60,443,178.79.142.194,GB,London,隧道,155 ms
213.52.130.5,443,213.52.130.23,GB,London,隧道,161 ms
45.12.31.196,443,0.0.0.0,SG,Singapore,官方,79 ms
45.12.31.197,443,0.0.0.0,SG,Singapore,官方,69 ms
212.71.237.211,443,178.79.155.226,GB,London,隧道,169 ms
212.71.252.193,443,139.162.246.47,GB,London,隧道,161 ms
45.12.30.218,443,0.0.0.0,SG,Singapore,官方,61 ms
45.12.31.42,443,0.0.0.0,SG,Singapore,官方,1 ms
45.12.31.202,443,0.0.0.0,SG,Singapore,官方,149 ms
185.80.222.49,443,185.80.222.49,NL,Amsterdam,中转,196 ms
178.79.140.236,443,178.79.140.130,GB,London,隧道,170 ms
45.12.31.217,443,0.0.0.0,SG,Singapore,官方,67 ms
88.202.190.98,443,88.202.190.98,GB,London,中转,162 ms
88.202.231.177,443,88.202.231.177,GB,London,中转,156 ms
194.36.55.214,443,0.0.0.0,SG,Singapore,官方,101 ms
194.36.55.50,443,0.0.0.0,SG,Singapore,官方,78 ms
194.36.55.46,443,0.0.0.0,SG,Singapore,官方,152 ms
45.12.31.89,443,0.0.0.0,SG,Singapore,官方,169 ms
81.90.188.53,443,81.90.188.53,SG,Singapore,中转,158 ms
31.24.225.8,443,31.24.225.8,AU,Sydney,中转,218 ms
45.12.30.215,443,0.0.0.0,SG,Singapore,官方,180 ms
45.12.30.24,443,0.0.0.0,SG,Singapore,官方,207 ms
82.163.73.77,443,82.163.73.77,GB,London,中转,232 ms
88.202.183.173,443,88.202.183.173,SA,London,中转,160 ms
45.12.30.178,443,0.0.0.0,SG,Singapore,官方,49 ms
146.185.18.4,443,146.185.18.4,GB,London,中转,153 ms
45.12.31.219,443,0.0.0.0,SG,Singapore,官方,31 ms
45.12.30.5,443,0.0.0.0,SG,Singapore,官方,33 ms
128.199.73.44,443,128.199.73.44,SG,Singapore,中转,106 ms
194.36.55.52,443,0.0.0.0,SG,Singapore,官方,192 ms
88.202.183.248,443,88.202.183.248,SA,London,中转,162 ms
194.36.55.77,443,0.0.0.0,SG,Singapore,官方,34 ms
45.12.31.85,443,0.0.0.0,SG,Singapore,官方,1 ms
45.12.31.220,443,0.0.0.0,SG,Singapore,官方,5 ms
45.12.31.57,443,0.0.0.0,SG,Singapore,官方,43 ms
5.77.55.146,443,5.77.55.146,GB,London,中转,233 ms
185.66.165.51,443,185.66.165.4,DE,Frankfurt,隧道,233 ms
185.3.94.155,443,185.3.94.137,GB,London,隧道,224 ms
194.36.55.173,443,0.0.0.0,SG,Singapore,官方,60 ms
88.202.185.192,443,88.202.185.192,GB,London,中转,160 ms
194.36.49.16,443,0.0.0.0,SG,Singapore,官方,42 ms
45.12.31.189,443,0.0.0.0,SG,Singapore,官方,50 ms
45.12.30.32,443,0.0.0.0,SG,Singapore,官方,165 ms
88.202.230.51,443,88.202.230.51,GB,London,中转,166 ms
151.115.53.41,443,151.115.53.41,PL,Budapest,中转,260 ms
212.71.244.126,443,178.79.152.111,GB,London,隧道,161 ms
45.12.30.73,443,0.0.0.0,SG,Singapore,官方,152 ms
128.199.24.142,443,128.199.24.142,IN,Mumbai,中转,136 ms
45.12.30.117,443,0.0.0.0,SG,Singapore,官方,61 ms
45.12.30.138,443,0.0.0.0,SG,Singapore,官方,112 ms
212.71.237.69,443,212.71.237.201,GB,London,隧道,153 ms
45.12.30.104,443,0.0.0.0,SG,Singapore,官方,173 ms
45.12.30.67,443,0.0.0.0,SG,Singapore,官方,24 ms
45.12.31.244,443,0.0.0.0,SG,Singapore,官方,174 ms
45.12.31.100,443,0.0.0.0,SG,Singapore,官方,133 ms
128.199.26.25,443,128.199.26.25,IN,Mumbai,中转,163 ms
128.199.50.134,443,128.199.50.134,NL,Amsterdam,中转,158 ms
87.236.212.159,443,87.236.212.159,GB,Amsterdam,中转,171 ms
194.36.55.194,443,0.0.0.0,SG,Singapore,官方,77 ms
45.12.31.143,443,0.0.0.0,SG,Singapore,官方,161 ms
85.159.212.109,443,178.79.138.229,GB,London,隧道,163 ms
178.79.172.178,443,109.74.205.23,GB,London,隧道,159 ms
194.36.55.35,443,0.0.0.0,SG,Singapore,官方,119 ms
45.12.30.108,443,0.0.0.0,SG,Singapore,官方,129 ms
185.80.220.47,443,185.80.220.47,GB,Amsterdam,中转,160 ms
80.85.85.244,443,80.85.85.199,GB,London,隧道,167 ms
212.71.247.60,443,176.58.127.134,GB,London,隧道,156 ms
45.12.30.106,443,0.0.0.0,SG,Singapore,官方,60 ms
45.12.31.176,443,0.0.0.0,SG,Singapore,官方,244 ms
178.79.142.130,443,139.162.255.236,GB,London,隧道,160 ms
88.202.230.104,443,88.202.230.104,GB,London,中转,169 ms
194.36.55.200,443,0.0.0.0,SG,Singapore,官方,10 ms
194.36.55.4,443,0.0.0.0,SG,Singapore,官方,185 ms
194.36.55.99,443,0.0.0.0,SG,Singapore,官方,61 ms
194.36.55.49,443,0.0.0.0,SG,Singapore,官方,160 ms
194.36.55.87,443,0.0.0.0,SG,Singapore,官方,145 ms
45.12.30.133,443,0.0.0.0,SG,Singapore,官方,167 ms
178.79.156.13,443,178.79.144.194,GB,London,隧道,160 ms
45.12.30.1,443,0.0.0.0,SG,Singapore,官方,195 ms
45.12.31.87,443,0.0.0.0,SG,Singapore,官方,62 ms
45.12.30.154,443,0.0.0.0,SG,Singapore,官方,141 ms
109.74.205.88,443,109.74.205.180,GB,London,隧道,153 ms
45.12.30.20,443,0.0.0.0,SG,Singapore,官方,60 ms
151.115.59.120,443,151.115.59.120,PL,Budapest,中转,249 ms
45.12.31.72,443,0.0.0.0,SG,Singapore,官方,73 ms
45.12.31.43,443,0.0.0.0,SG,Singapore,官方,72 ms
194.36.55.93,443,0.0.0.0,SG,Singapore,官方,197 ms
194.36.55.102,443,0.0.0.0,SG,Singapore,官方,204 ms
151.115.63.147,443,151.115.63.147,PL,Budapest,中转,246 ms
45.12.31.79,443,0.0.0.0,SG,Singapore,官方,67 ms
178.79.189.184,443,178.79.189.152,GB,London,隧道,155 ms
212.78.94.95,443,212.78.94.95,GB,London,中转,152 ms
45.12.31.153,443,0.0.0.0,SG,Singapore,官方,55 ms
194.36.55.76,443,0.0.0.0,SG,Singapore,官方,69 ms
151.115.55.242,443,151.115.55.242,PL,Budapest,中转,254 ms
185.80.222.71,443,185.80.222.71,NL,Amsterdam,中转,165 ms
163.172.143.91,443,163.172.143.91,FR,Paris,中转,233 ms
194.36.55.105,443,0.0.0.0,SG,Singapore,官方,190 ms
194.36.55.17,443,0.0.0.0,SG,Singapore,官方,74 ms
163.172.131.153,443,163.172.131.153,FR,Paris,中转,237 ms
45.12.31.232,443,0.0.0.0,SG,Singapore,官方,135 ms
45.12.31.96,443,0.0.0.0,SG,Singapore,官方,140 ms
45.12.30.2,443,0.0.0.0,SG,Singapore,官方,64 ms
88.202.230.93,443,88.202.230.93,GB,London,中转,168 ms
194.36.55.185,443,0.0.0.0,SG,Singapore,官方,27 ms
163.172.170.142,443,163.172.170.142,FR,Paris,中转,238 ms
178.79.182.81,443,178.79.182.77,GB,London,隧道,161 ms
194.36.55.84,443,0.0.0.0,SG,Singapore,官方,12 ms
128.199.120.0,443,128.199.120.0,SG,Singapore,中转,64 ms
151.115.46.245,443,151.115.46.245,PL,Budapest,中转,247 ms
178.79.184.136,443,178.79.150.25,GB,London,隧道,167 ms
45.12.30.192,443,0.0.0.0,SG,Singapore,官方,137 ms
194.36.55.163,443,0.0.0.0,SG,Singapore,官方,44 ms
45.12.31.165,443,0.0.0.0,SG,Singapore,官方,33 ms
178.79.189.156,443,176.58.96.249,GB,London,隧道,167 ms
45.12.30.134,443,0.0.0.0,SG,Singapore,官方,15 ms
80.85.85.228,443,213.219.38.13,GB,London,隧道,167 ms
45.12.31.183,443,0.0.0.0,SG,Singapore,官方,69 ms
45.12.30.194,443,0.0.0.0,SG,Singapore,官方,119 ms
45.12.31.110,443,0.0.0.0,SG,Singapore,官方,34 ms
151.115.55.160,443,151.115.55.160,PL,Budapest,中转,260 ms
31.24.230.68,443,31.24.230.68,GB,London,中转,160 ms
77.68.9.223,443,77.68.122.200,GB,Paris,隧道,172 ms
185.189.115.138,443,185.189.115.138,RO,Prague,中转,401 ms
45.12.31.251,443,0.0.0.0,SG,Singapore,官方,41 ms
163.172.160.185,443,163.172.160.185,FR,Paris,中转,240 ms
45.12.31.83,443,0.0.0.0,SG,Singapore,官方,1 ms
45.12.31.68,443,0.0.0.0,SG,Singapore,官方,105 ms
151.115.58.214,443,151.115.58.214,PL,Budapest,中转,260 ms
45.12.31.11,443,0.0.0.0,SG,Singapore,官方,182 ms
45.12.30.31,443,0.0.0.0,SG,Singapore,官方,27 ms
45.12.31.7,443,0.0.0.0,SG,Singapore,官方,158 ms
128.199.1.137,443,128.199.1.137,US,San Jose,中转,166 ms
163.172.181.5,443,163.172.181.5,FR,Paris,中转,241 ms
45.12.31.190,443,0.0.0.0,SG,Singapore,官方,133 ms
45.12.31.107,443,0.0.0.0,SG,Singapore,官方,155 ms
45.12.31.77,443,0.0.0.0,SG,Singapore,官方,43 ms
194.36.55.74,443,0.0.0.0,SG,Singapore,官方,175 ms
194.36.55.177,443,0.0.0.0,SG,Singapore,官方,11 ms
45.12.30.9,443,0.0.0.0,SG,Singapore,官方,70 ms
194.36.55.122,443,0.0.0.0,SG,Singapore,官方,64 ms
45.12.31.24,443,0.0.0.0,SG,Singapore,官方,42 ms
88.202.230.163,443,88.202.230.163,GB,London,中转,170 ms
45.12.31.133,443,0.0.0.0,SG,Singapore,官方,4 ms
45.12.30.136,443,0.0.0.0,SG,Singapore,官方,240 ms
109.74.199.33,443,109.74.199.33,GB,London,中转,161 ms
194.36.55.31,443,0.0.0.0,SG,Singapore,官方,92 ms
45.12.30.60,443,0.0.0.0,SG,Singapore,官方,153 ms
176.58.105.254,443,176.58.105.221,GB,London,隧道,163 ms
194.36.55.227,443,0.0.0.0,SG,Singapore,官方,122 ms
151.115.44.191,443,151.115.44.191,PL,Budapest,中转,255 ms
45.12.30.145,443,0.0.0.0,SG,Singapore,官方,48 ms
178.79.174.123,443,139.162.248.95,GB,London,隧道,161 ms
45.12.31.27,443,0.0.0.0,SG,Singapore,官方,120 ms
85.159.213.31,443,212.71.245.106,GB,London,隧道,161 ms
45.12.30.45,443,0.0.0.0,SG,Singapore,官方,198 ms
45.12.30.79,443,0.0.0.0,SG,Singapore,官方,199 ms
151.115.37.152,443,151.115.37.152,PL,Budapest,中转,250 ms
45.12.30.246,443,0.0.0.0,SG,Singapore,官方,177 ms
45.12.30.84,443,0.0.0.0,SG,Singapore,官方,150 ms
151.115.51.63,443,151.115.51.63,PL,Budapest,中转,262 ms
45.12.30.221,443,0.0.0.0,SG,Singapore,官方,40 ms
45.12.30.127,443,0.0.0.0,SG,Singapore,官方,125 ms
194.36.55.109,443,0.0.0.0,SG,Singapore,官方,38 ms
45.12.31.249,443,0.0.0.0,SG,Singapore,官方,54 ms
194.36.55.86,443,0.0.0.0,SG,Singapore,官方,131 ms
45.12.31.4,443,0.0.0.0,SG,Singapore,官方,51 ms
163.172.174.100,443,163.172.174.100,FR,Paris,中转,244 ms
45.12.31.164,443,0.0.0.0,SG,Singapore,官方,155 ms
217.174.240.150,443,217.174.240.141,GB,Paris,隧道,157 ms
45.12.30.190,443,0.0.0.0,SG,Singapore,官方,120 ms
45.12.31.51,443,0.0.0.0,SG,Singapore,官方,82 ms
45.12.30.101,443,0.0.0.0,SG,Singapore,官方,35 ms
176.58.107.190,443,109.74.202.96,GB,London,隧道,162 ms
194.36.49.21,443,0.0.0.0,SG,Singapore,官方,51 ms
194.36.55.243,443,0.0.0.0,SG,Singapore,官方,57 ms
88.80.188.90,443,85.159.213.98,GB,London,隧道,164 ms
88.202.190.68,443,88.202.190.68,GB,London,中转,200 ms
151.115.48.107,443,151.115.48.107,PL,Budapest,中转,246 ms
194.36.55.54,443,0.0.0.0,SG,Singapore,官方,202 ms
45.12.31.31,443,0.0.0.0,SG,Singapore,官方,1 ms
185.42.221.138,443,185.42.221.138,GB,London,中转,161 ms
194.36.55.135,443,0.0.0.0,SG,Singapore,官方,72 ms
194.36.55.82,443,0.0.0.0,SG,Singapore,官方,175 ms
45.12.30.140,443,0.0.0.0,SG,Singapore,官方,129 ms
194.36.55.237,443,0.0.0.0,SG,Singapore,官方,144 ms
45.12.30.225,443,0.0.0.0,SG,Singapore,官方,101 ms
45.12.30.216,443,0.0.0.0,SG,Singapore,官方,54 ms
151.115.34.233,443,151.115.34.233,PL,Budapest,中转,244 ms
194.36.55.224,443,0.0.0.0,SG,Singapore,官方,8 ms
45.12.30.49,443,0.0.0.0,SG,Singapore,官方,71 ms
81.90.190.176,443,81.90.190.176,JP,Tokyo,中转,68 ms
151.115.62.22,443,151.115.62.22,PL,Budapest,中转,261 ms
194.36.55.89,443,0.0.0.0,SG,Singapore,官方,100 ms
45.12.30.172,443,0.0.0.0,SG,Singapore,官方,58 ms
45.12.31.119,443,0.0.0.0,SG,Singapore,官方,10 ms
178.79.156.147,443,178.79.156.138,GB,London,隧道,167 ms
88.202.230.64,443,88.202.230.64,GB,London,中转,162 ms
45.12.30.238,443,0.0.0.0,SG,Singapore,官方,19 ms
45.12.31.44,443,0.0.0.0,SG,Singapore,官方,175 ms
45.12.31.218,443,0.0.0.0,SG,Singapore,官方,122 ms
45.12.30.15,443,0.0.0.0,SG,Singapore,官方,154 ms
45.12.30.205,443,0.0.0.0,SG,Singapore,官方,77 ms
45.12.30.99,443,0.0.0.0,SG,Singapore,官方,45 ms
45.12.30.75,443,0.0.0.0,SG,Singapore,官方,70 ms
151.115.32.175,443,151.115.32.175,PL,Budapest,中转,252 ms
128.199.93.153,443,128.199.93.153,SG,Singapore,中转,13 ms
194.36.55.174,443,0.0.0.0,SG,Singapore,官方,160 ms
88.202.230.170,443,88.202.230.170,GB,London,中转,168 ms
45.12.30.35,443,0.0.0.0,SG,Singapore,官方,209 ms
194.36.49.2,443,0.0.0.0,SG,Singapore,官方,165 ms
194.36.55.78,443,0.0.0.0,SG,Singapore,官方,139 ms
45.12.30.111,443,0.0.0.0,SG,Singapore,官方,9 ms
194.36.55.53,443,0.0.0.0,SG,Singapore,官方,88 ms
194.36.55.232,443,0.0.0.0,SG,Singapore,官方,79 ms
178.79.136.243,443,139.162.225.209,GB,London,隧道,155 ms
45.12.31.214,443,0.0.0.0,SG,Singapore,官方,199 ms
194.36.55.205,443,0.0.0.0,SG,Singapore,官方,54 ms
178.79.154.164,443,178.79.154.141,GB,London,隧道,153 ms
163.172.147.105,443,163.172.147.105,FR,Paris,中转,241 ms
178.79.139.175,443,178.79.135.59,GB,London,隧道,167 ms
194.36.55.63,443,0.0.0.0,SG,Singapore,官方,160 ms
194.36.55.8,443,0.0.0.0,SG,Singapore,官方,65 ms
45.12.31.174,443,0.0.0.0,SG,Singapore,官方,54 ms
178.79.169.252,443,139.162.251.115,GB,London,隧道,337 ms
194.36.55.247,443,0.0.0.0,SG,Singapore,官方,171 ms
77.68.116.20,443,85.235.77.150,GB,Bucharest,隧道,170 ms
194.36.55.73,443,0.0.0.0,SG,Singapore,官方,208 ms
151.236.221.170,443,139.162.207.58,GB,London,隧道,169 ms
31.24.230.251,443,31.24.230.251,GB,London,中转,167 ms
194.36.55.209,443,0.0.0.0,SG,Singapore,官方,84 ms
45.12.31.160,443,0.0.0.0,SG,Singapore,官方,44 ms
45.12.30.253,443,0.0.0.0,SG,Singapore,官方,213 ms
194.36.55.24,443,0.0.0.0,SG,Singapore,官方,105 ms
45.12.30.48,443,0.0.0.0,SG,Singapore,官方,137 ms
45.12.30.107,443,0.0.0.0,SG,Singapore,官方,127 ms
45.12.30.81,443,0.0.0.0,SG,Singapore,官方,120 ms
151.115.51.83,443,151.115.51.83,PL,Budapest,中转,250 ms
128.199.160.55,443,128.199.160.55,SG,Singapore,中转,54 ms
194.36.55.59,443,0.0.0.0,SG,Singapore,官方,208 ms
45.155.222.43,443,45.155.222.43,US,Los Angeles,中转,187 ms
194.36.55.239,443,0.0.0.0,SG,Singapore,官方,32 ms
151.115.38.44,443,151.115.38.44,PL,Budapest,中转,247 ms
45.12.31.34,443,0.0.0.0,SG,Singapore,官方,48 ms
45.12.31.168,443,0.0.0.0,SG,Singapore,官方,104 ms
212.71.245.181,443,178.79.187.76,GB,London,隧道,169 ms
194.36.55.141,443,0.0.0.0,SG,Singapore,官方,1 ms
194.36.55.81,443,0.0.0.0,SG,Singapore,官方,41 ms
45.12.30.38,443,0.0.0.0,SG,Singapore,官方,21 ms
88.202.183.226,443,88.202.183.226,SA,London,中转,161 ms
176.58.105.61,443,176.58.105.55,GB,London,隧道,167 ms
194.36.55.80,443,0.0.0.0,SG,Singapore,官方,18 ms
91.220.203.89,443,91.220.203.89,US,Los Angeles,中转,167 ms
82.163.73.17,443,82.163.73.17,GB,London,中转,176 ms
194.36.55.15,443,0.0.0.0,SG,Singapore,官方,64 ms
151.115.51.53,443,151.115.51.53,PL,Budapest,中转,246 ms
77.92.85.48,443,5.77.55.146,GB,London,隧道,167 ms
45.12.30.0,443,0.0.0.0,SG,Singapore,官方,64 ms
45.12.30.16,443,0.0.0.0,SG,Singapore,官方,92 ms
194.36.55.212,443,0.0.0.0,SG,Singapore,官方,38 ms
45.12.31.194,443,0.0.0.0,SG,Singapore,官方,24 ms
194.36.55.1,443,0.0.0.0,SG,Singapore,官方,42 ms
45.12.30.137,443,0.0.0.0,SG,Singapore,官方,12 ms
194.36.55.7,443,0.0.0.0,SG,Singapore,官方,20 ms
194.36.55.75,443,0.0.0.0,SG,Singapore,官方,173 ms
45.12.30.159,443,0.0.0.0,SG,Singapore,官方,87 ms
45.12.30.174,443,0.0.0.0,SG,Singapore,官方,21 ms
45.12.30.64,443,0.0.0.0,SG,Singapore,官方,197 ms
45.12.31.86,443,0.0.0.0,SG,Singapore,官方,42 ms
194.36.55.171,443,0.0.0.0,SG,Singapore,官方,121 ms
45.12.31.210,443,0.0.0.0,SG,Singapore,官方,172 ms
151.115.47.164,443,151.115.47.164,PL,Budapest,中转,248 ms
45.12.31.23,443,0.0.0.0,SG,Singapore,官方,128 ms
80.85.85.103,443,139.162.220.249,GB,London,隧道,166 ms
45.12.30.176,443,0.0.0.0,SG,Singapore,官方,45 ms
45.12.30.71,443,0.0.0.0,SG,Singapore,官方,256 ms
185.160.27.69,443,185.160.27.69,JP,Newark,中转,254 ms
45.12.31.95,443,0.0.0.0,SG,Singapore,官方,169 ms
45.12.30.115,443,0.0.0.0,SG,Singapore,官方,55 ms
178.79.143.195,443,178.79.131.158,GB,London,隧道,216 ms
194.36.55.118,443,0.0.0.0,SG,Singapore,官方,48 ms
45.12.30.74,443,0.0.0.0,SG,Singapore,官方,134 ms
45.12.30.142,443,0.0.0.0,SG,Singapore,官方,67 ms
45.12.30.26,443,0.0.0.0,SG,Singapore,官方,20 ms
45.12.30.198,443,0.0.0.0,SG,Singapore,官方,229 ms
45.12.30.213,443,0.0.0.0,SG,Singapore,官方,162 ms
88.202.185.41,443,88.202.185.41,GB,London,中转,156 ms
194.36.55.133,443,0.0.0.0,SG,Singapore,官方,181 ms
178.79.165.114,443,178.79.143.35,GB,London,隧道,161 ms
45.12.30.86,443,0.0.0.0,SG,Singapore,官方,96 ms
194.36.55.124,443,0.0.0.0,SG,Singapore,官方,214 ms
82.163.73.59,443,82.163.73.59,GB,London,中转,168 ms
45.12.31.193,443,0.0.0.0,SG,Singapore,官方,197 ms
45.12.30.93,443,0.0.0.0,SG,Singapore,官方,212 ms
151.115.54.86,443,151.115.54.86,PL,Budapest,中转,249 ms
45.12.30.244,443,0.0.0.0,SG,Singapore,官方,14 ms
128.199.10.228,443,128.199.10.228,US,San Jose,中转,184 ms
45.12.31.201,443,0.0.0.0,SG,Singapore,官方,137 ms
185.126.148.83,443,185.126.148.83,HK,Hong Kong,中转,216 ms
45.12.31.32,443,0.0.0.0,SG,Singapore,官方,98 ms
77.68.122.200,443,77.68.122.200,GB,Paris,中转,169 ms
45.12.31.74,443,0.0.0.0,SG,Singapore,官方,97 ms
45.12.30.3,443,0.0.0.0,SG,Singapore,官方,58 ms
31.24.230.253,443,31.24.230.253,GB,London,中转,154 ms
178.79.188.64,443,139.162.250.129,GB,London,隧道,159 ms
194.36.55.41,443,0.0.0.0,SG,Singapore,官方,61 ms
128.199.213.135,443,128.199.213.135,SG,Singapore,中转,72 ms
45.12.30.234,443,0.0.0.0,SG,Singapore,官方,59 ms
194.36.55.221,443,0.0.0.0,SG,Singapore,官方,60 ms
45.12.30.147,443,0.0.0.0,SG,Singapore,官方,55 ms
178.79.156.179,443,178.79.156.114,GB,London,隧道,169 ms
151.115.62.99,443,151.115.62.99,PL,Budapest,中转,248 ms
109.74.198.8,443,109.74.192.206,GB,London,隧道,170 ms
45.12.31.123,443,0.0.0.0,SG,Singapore,官方,236 ms
194.36.55.113,443,0.0.0.0,SG,Singapore,官方,46 ms
194.36.55.21,443,0.0.0.0,SG,Singapore,官方,16 ms
178.79.189.141,443,176.58.125.231,GB,London,隧道,159 ms
88.202.185.249,443,88.202.185.249,GB,London,中转,158 ms
45.12.30.109,443,0.0.0.0,SG,Singapore,官方,70 ms
178.79.183.190,443,178.79.183.122,GB,London,隧道,167 ms
194.36.55.147,443,0.0.0.0,SG,Singapore,官方,15 ms
176.58.124.182,443,109.237.26.245,GB,London,隧道,163 ms
151.115.52.69,443,151.115.52.69,PL,Budapest,中转,246 ms
45.12.31.106,443,0.0.0.0,SG,Singapore,官方,66 ms
80.85.85.32,443,178.79.139.18,GB,London,隧道,211 ms
45.12.31.163,443,0.0.0.0,SG,Singapore,官方,68 ms
185.168.21.100,443,185.168.21.100,US,Newark,中转,234 ms
45.12.30.124,443,0.0.0.0,SG,Singapore,官方,153 ms
88.80.190.44,443,176.58.112.107,GB,London,隧道,162 ms
78.129.226.64,443,78.129.226.64,GB,London,中转,164 ms
45.12.30.6,443,0.0.0.0,SG,Singapore,官方,72 ms
194.36.55.0,443,0.0.0.0,SG,Singapore,官方,167 ms
194.36.55.68,443,0.0.0.0,SG,Singapore,官方,66 ms
45.12.30.251,443,0.0.0.0,SG,Singapore,官方,69 ms
31.24.230.7,443,31.24.230.7,GB,London,中转,157 ms
45.12.31.29,443,0.0.0.0,SG,Singapore,官方,120 ms
109.228.39.244,443,77.68.122.200,GB,Paris,隧道,1170 ms
194.36.55.112,443,0.0.0.0,SG,Singapore,官方,117 ms
212.71.252.153,443,178.79.135.142,GB,London,隧道,163 ms
185.2.139.214,443,185.2.139.214,US,London,中转,244 ms
194.36.49.9,443,0.0.0.0,SG,Singapore,官方,132 ms
194.36.55.120,443,0.0.0.0,SG,Singapore,官方,33 ms
109.74.201.169,443,109.74.201.165,GB,London,隧道,167 ms
45.12.31.84,443,0.0.0.0,SG,Singapore,官方,78 ms
45.12.31.171,443,0.0.0.0,SG,Singapore,官方,25 ms
194.36.55.184,443,0.0.0.0,SG,Singapore,官方,145 ms
31.24.224.131,443,31.24.224.131,GB,London,中转,168 ms
88.202.183.156,443,88.202.183.156,SA,London,中转,169 ms
176.58.121.145,443,176.58.121.125,GB,London,隧道,155 ms
212.71.244.47,443,139.162.228.136,GB,London,隧道,156 ms
45.12.30.212,443,0.0.0.0,SG,Singapore,官方,68 ms
45.12.31.224,443,0.0.0.0,SG,Singapore,官方,131 ms
88.202.230.165,443,88.202.230.165,GB,London,中转,166 ms
185.80.222.215,443,185.80.222.215,NL,Amsterdam,中转,167 ms
45.12.30.10,443,0.0.0.0,SG,Singapore,官方,70 ms
163.172.169.57,443,163.172.169.57,FR,Paris,中转,242 ms
45.12.30.23,443,0.0.0.0,SG,Singapore,官方,138 ms
45.12.31.33,443,0.0.0.0,SG,Singapore,官方,44 ms
194.36.55.92,443,0.0.0.0,SG,Singapore,官方,170 ms
141.98.88.195,443,141.98.88.195,AE,London,中转,233 ms
45.12.31.136,443,0.0.0.0,SG,Singapore,官方,88 ms
151.115.54.150,443,151.115.54.150,PL,Budapest,中转,251 ms
128.199.26.148,443,128.199.26.148,IN,Mumbai,中转,181 ms
88.202.185.50,443,88.202.185.50,GB,London,中转,292 ms
151.115.59.233,443,151.115.59.233,PL,Budapest,中转,248 ms
178.79.131.74,443,178.79.131.101,GB,London,隧道,382 ms
88.202.230.42,443,88.202.230.42,GB,London,中转,168 ms
45.12.30.120,443,0.0.0.0,SG,Singapore,官方,221 ms
151.115.46.142,443,151.115.46.142,PL,Budapest,中转,252 ms
194.36.55.145,443,0.0.0.0,SG,Singapore,官方,214 ms
88.80.191.136,443,139.162.218.190,GB,London,隧道,169 ms
151.115.39.224,443,151.115.39.224,PL,Budapest,中转,252 ms
151.115.54.108,443,151.115.54.108,PL,Budapest,中转,248 ms
45.12.30.170,443,0.0.0.0,SG,Singapore,官方,90 ms
212.111.40.185,443,139.162.201.183,GB,London,隧道,154 ms
212.71.237.29,443,176.58.112.108,GB,London,隧道,169 ms
45.134.17.122,443,45.134.17.122,CH,Zurich,中转,255 ms
31.24.227.103,443,31.24.227.103,NL,Amsterdam,中转,158 ms
45.12.30.61,443,0.0.0.0,SG,Singapore,官方,165 ms
151.115.42.16,443,151.115.42.16,PL,Budapest,中转,267 ms
88.202.185.25,443,88.202.185.25,GB,London,中转,168 ms
45.12.31.125,443,0.0.0.0,SG,Singapore,官方,26 ms
194.79.31.29,443,194.79.31.29,GB,London,中转,166 ms
80.85.87.219,443,139.162.220.185,GB,London,隧道,165 ms
178.79.148.162,443,139.162.233.75,GB,London,隧道,161 ms
128.199.89.36,443,128.199.89.36,SG,Singapore,中转,176 ms
5.252.198.60,443,5.252.198.60,JP,Tokyo,中转,71 ms
45.12.30.88,443,0.0.0.0,SG,Singapore,官方,236 ms
45.12.30.241,443,0.0.0.0,SG,Singapore,官方,112 ms
45.12.30.158,443,0.0.0.0,SG,Singapore,官方,112 ms
85.159.213.150,443,176.58.123.20,GB,London,隧道,153 ms
151.115.62.232,443,151.115.62.232,PL,Budapest,中转,257 ms
128.199.198.54,443,128.199.198.54,SG,Singapore,中转,127 ms
151.115.61.155,443,151.115.61.155,PL,Budapest,中转,247 ms
194.36.55.176,443,0.0.0.0,SG,Singapore,官方,88 ms
45.12.30.39,443,0.0.0.0,SG,Singapore,官方,172 ms
176.58.120.66,443,139.162.223.89,GB,London,隧道,161 ms
194.36.55.210,443,0.0.0.0,SG,Singapore,官方,17 ms
45.12.31.41,443,0.0.0.0,SG,Singapore,官方,195 ms
151.115.34.134,443,151.115.34.134,PL,Budapest,中转,244 ms
85.159.212.142,443,178.79.149.250,GB,London,隧道,169 ms
128.199.151.203,443,128.199.151.203,SG,Singapore,中转,23 ms
194.36.55.245,443,0.0.0.0,SG,Singapore,官方,168 ms
151.115.60.4,443,151.115.60.4,PL,Budapest,中转,258 ms
45.12.31.216,443,0.0.0.0,SG,Singapore,官方,8 ms
45.12.30.186,443,0.0.0.0,SG,Singapore,官方,27 ms
151.115.50.110,443,151.115.50.110,PL,Budapest,中转,258 ms
45.12.30.160,443,0.0.0.0,SG,Singapore,官方,78 ms
194.36.55.131,443,0.0.0.0,SG,Singapore,官方,189 ms
45.92.126.234,443,45.92.126.234,US,Los Angeles,中转,189 ms
178.79.174.229,443,109.74.199.169,GB,London,隧道,163 ms
84.17.38.132,443,84.17.38.132,SG,Singapore,中转,61 ms
45.12.31.113,443,0.0.0.0,SG,Singapore,官方,19 ms
88.80.186.198,443,88.80.186.113,GB,London,隧道,163 ms
45.12.31.147,443,0.0.0.0,SG,Singapore,官方,119 ms
45.12.31.8,443,0.0.0.0,SG,Singapore,官方,31 ms
194.36.55.48,443,0.0.0.0,SG,Singapore,官方,19 ms
185.80.220.204,443,185.80.220.204,GB,Amsterdam,中转,166 ms
176.58.116.134,443,139.162.241.173,GB,London,隧道,161 ms
178.79.182.69,443,178.79.182.68,GB,London,隧道,427 ms
194.36.55.193,443,0.0.0.0,SG,Singapore,官方,83 ms
185.80.222.211,443,185.80.222.211,NL,Amsterdam,中转,165 ms
109.123.82.151,443,109.123.82.151,GB,London,中转,171 ms
194.187.251.103,443,194.187.251.103,BE,Frankfurt,中转,171 ms
82.163.73.102,443,82.163.73.102,GB,London,中转,155 ms
176.58.111.89,443,176.58.111.177,GB,London,隧道,156 ms
194.36.55.90,443,0.0.0.0,SG,Singapore,官方,117 ms
194.36.55.64,443,0.0.0.0,SG,Singapore,官方,100 ms
151.115.40.123,443,151.115.40.123,PL,Budapest,中转,251 ms
45.12.30.4,443,0.0.0.0,SG,Singapore,官方,57 ms
194.36.55.189,443,0.0.0.0,SG,Singapore,官方,159 ms
144.48.61.20,443,144.48.61.20,GB,London,中转,163 ms
45.12.31.191,443,0.0.0.0,SG,Singapore,官方,150 ms
45.12.30.165,443,0.0.0.0,SG,Singapore,官方,61 ms
178.79.135.141,443,139.162.227.91,GB,London,隧道,169 ms
45.12.31.36,443,0.0.0.0,SG,Singapore,官方,55 ms
45.12.31.127,443,0.0.0.0,SG,Singapore,官方,175 ms
185.80.220.212,443,185.80.220.212,GB,Amsterdam,中转,158 ms
45.12.31.104,443,0.0.0.0,SG,Singapore,官方,100 ms
45.12.30.208,443,0.0.0.0,SG,Singapore,官方,65 ms
45.12.31.188,443,0.0.0.0,SG,Singapore,官方,64 ms
194.36.55.233,443,0.0.0.0,SG,Singapore,官方,20 ms
194.36.55.228,443,0.0.0.0,SG,Singapore,官方,96 ms
45.12.31.62,443,0.0.0.0,SG,Singapore,官方,99 ms
194.36.55.30,443,0.0.0.0,SG,Singapore,官方,210 ms
128.199.247.231,443,128.199.247.231,SG,Singapore,中转,55 ms
151.115.61.192,443,151.115.61.192,PL,Budapest,中转,247 ms
178.79.143.223,443,178.79.143.196,GB,London,隧道,167 ms
88.202.230.181,443,88.202.230.181,GB,London,中转,168 ms
45.12.31.81,443,0.0.0.0,SG,Singapore,官方,49 ms
45.12.30.69,443,0.0.0.0,SG,Singapore,官方,15 ms
194.36.55.94,443,0.0.0.0,SG,Singapore,官方,155 ms
194.36.55.29,443,0.0.0.0,SG,Singapore,官方,188 ms
194.36.55.97,443,0.0.0.0,SG,Singapore,官方,89 ms
45.12.31.181,443,0.0.0.0,SG,Singapore,官方,29 ms
45.12.31.135,443,0.0.0.0,SG,Singapore,官方,84 ms
178.79.177.121,443,178.79.177.116,GB,London,隧道,162 ms
45.12.30.184,443,0.0.0.0,SG,Singapore,官方,72 ms
77.68.50.65,443,77.68.122.200,GB,London,隧道,172 ms
88.202.185.114,443,88.202.185.114,GB,London,中转,167 ms
194.36.55.148,443,0.0.0.0,SG,Singapore,官方,93 ms
178.79.182.203,443,139.162.244.223,GB,London,隧道,154 ms
45.12.31.30,443,0.0.0.0,SG,Singapore,官方,153 ms
45.12.30.89,443,0.0.0.0,SG,Singapore,官方,176 ms
128.199.115.44,443,128.199.115.44,SG,Singapore,中转,18 ms
31.22.109.116,443,31.22.109.116,DE,Frankfurt,中转,190 ms
194.36.55.127,443,0.0.0.0,SG,Singapore,官方,26 ms
194.36.49.20,443,0.0.0.0,SG,Singapore,官方,74 ms
45.12.30.119,443,0.0.0.0,SG,Singapore,官方,12 ms
45.12.31.38,443,0.0.0.0,SG,Singapore,官方,77 ms
109.123.82.152,443,109.123.82.152,GB,London,中转,169 ms
45.12.30.96,443,0.0.0.0,SG,Singapore,官方,54 ms
45.12.30.50,443,0.0.0.0,SG,Singapore,官方,148 ms
151.115.57.183,443,151.115.57.183,PL,Budapest,中转,260 ms
45.12.31.186,443,0.0.0.0,SG,Singapore,官方,119 ms
45.12.30.233,443,0.0.0.0,SG,Singapore,官方,148 ms
45.12.31.28,443,0.0.0.0,SG,Singapore,官方,47 ms
45.12.31.124,443,0.0.0.0,SG,Singapore,官方,85 ms
194.36.55.69,443,0.0.0.0,SG,Singapore,官方,153 ms
45.155.222.22,443,45.155.222.22,US,Los Angeles,中转,174 ms
45.12.30.235,443,0.0.0.0,SG,Singapore,官方,26 ms
31.24.227.101,443,31.24.227.101,NL,Amsterdam,中转,178 ms
151.115.46.186,443,151.115.46.186,PL,Budapest,中转,263 ms
194.36.55.144,443,0.0.0.0,SG,Singapore,官方,203 ms
194.36.55.223,443,0.0.0.0,SG,Singapore,官方,171 ms
45.12.31.14,443,0.0.0.0,SG,Singapore,官方,119 ms
194.36.55.38,443,0.0.0.0,SG,Singapore,官方,169 ms
194.36.55.32,443,0.0.0.0,SG,Singapore,官方,137 ms
45.12.31.234,443,0.0.0.0,SG,Singapore,官方,67 ms
151.115.48.99,443,151.115.48.99,PL,Budapest,中转,244 ms
151.115.42.1,443,151.115.42.1,PL,Budapest,中转,247 ms
45.12.31.9,443,0.0.0.0,SG,Singapore,官方,82 ms
194.36.55.252,443,0.0.0.0,SG,Singapore,官方,123 ms
194.36.55.226,443,0.0.0.0,SG,Singapore,官方,113 ms
88.80.186.136,443,178.79.137.106,GB,London,隧道,161 ms
88.202.230.41,443,88.202.230.41,GB,London,中转,164 ms
45.12.30.226,443,0.0.0.0,SG,Singapore,官方,69 ms
88.202.185.112,443,88.202.185.112,GB,London,中转,240 ms
178.79.158.253,443,178.79.158.249,GB,London,隧道,160 ms
45.12.31.215,443,0.0.0.0,SG,Singapore,官方,151 ms
31.24.227.200,443,31.24.227.200,NL,Amsterdam,中转,165 ms
45.12.30.150,443,0.0.0.0,SG,Singapore,官方,13 ms
45.12.31.59,443,0.0.0.0,SG,Singapore,官方,112 ms
45.12.30.163,443,0.0.0.0,SG,Singapore,官方,204 ms
128.199.2.87,443,128.199.2.87,US,San Jose,中转,166 ms
45.12.30.95,443,0.0.0.0,SG,Singapore,官方,179 ms
194.36.55.149,443,0.0.0.0,SG,Singapore,官方,176 ms
45.12.31.140,443,0.0.0.0,SG,Singapore,官方,26 ms
128.199.218.41,443,128.199.218.41,SG,Singapore,中转,156 ms
88.202.230.198,443,88.202.230.198,GB,London,中转,190 ms
45.12.30.252,443,0.0.0.0,SG,Singapore,官方,13 ms
45.12.31.195,443,0.0.0.0,SG,Singapore,官方,59 ms
194.36.55.154,443,0.0.0.0,SG,Singapore,官方,9 ms
194.36.55.114,443,0.0.0.0,SG,Singapore,官方,141 ms
45.12.30.248,443,0.0.0.0,SG,Singapore,官方,131 ms
163.172.150.37,443,163.172.150.37,FR,Paris,中转,246 ms
45.12.31.205,443,0.0.0.0,SG,Singapore,官方,183 ms
45.12.31.103,443,0.0.0.0,SG,Singapore,官方,211 ms
45.12.31.121,443,0.0.0.0,SG,Singapore,官方,188 ms
45.12.30.47,443,0.0.0.0,SG,Singapore,官方,15 ms
194.36.55.2,443,0.0.0.0,SG,Singapore,官方,106 ms
151.115.56.237,443,151.115.56.237,PL,Budapest,中转,244 ms
45.12.31.61,443,0.0.0.0,SG,Singapore,官方,153 ms
82.163.73.49,443,82.163.73.49,GB,London,中转,161 ms
194.36.55.230,443,0.0.0.0,SG,Singapore,官方,187 ms
212.71.244.238,443,212.71.244.207,GB,London,隧道,168 ms
45.12.30.152,443,0.0.0.0,SG,Singapore,官方,51 ms
45.12.31.91,443,0.0.0.0,SG,Singapore,官方,206 ms
128.199.205.62,443,128.199.205.62,SG,Singapore,中转,104 ms
151.115.45.101,443,151.115.45.101,PL,Budapest,中转,250 ms
45.12.31.19,443,0.0.0.0,SG,Singapore,官方,63 ms
128.199.74.142,443,128.199.74.142,SG,Singapore,中转,21 ms
194.36.55.206,443,0.0.0.0,SG,Singapore,官方,82 ms
163.172.190.79,443,163.172.190.79,FR,Paris,中转,233 ms
45.12.30.191,443,0.0.0.0,SG,Singapore,官方,62 ms
212.78.94.88,443,212.78.94.88,GB,London,中转,162 ms
45.12.31.145,443,0.0.0.0,SG,Singapore,官方,107 ms
45.12.31.246,443,0.0.0.0,SG,Singapore,官方,196 ms
31.24.230.62,443,31.24.230.62,GB,London,中转,169 ms
45.12.31.117,443,0.0.0.0,SG,Singapore,官方,108 ms
45.12.30.195,443,0.0.0.0,SG,Singapore,官方,196 ms
194.36.55.167,443,0.0.0.0,SG,Singapore,官方,25 ms
151.115.42.144,443,151.115.42.144,PL,Budapest,中转,247 ms
45.12.31.49,443,0.0.0.0,SG,Singapore,官方,173 ms
45.12.30.116,443,0.0.0.0,SG,Singapore,官方,176 ms
45.12.30.217,443,0.0.0.0,SG,Singapore,官方,49 ms
45.12.31.213,443,0.0.0.0,SG,Singapore,官方,48 ms
212.71.237.146,443,178.79.137.173,GB,London,隧道,161 ms
45.12.31.223,443,0.0.0.0,SG,Singapore,官方,229 ms
151.115.43.48,443,151.115.43.48,PL,Budapest,中转,254 ms
194.36.55.11,443,0.0.0.0,SG,Singapore,官方,44 ms
212.78.94.87,443,212.78.94.87,GB,London,中转,158 ms
151.115.38.38,443,151.115.38.38,PL,Budapest,中转,259 ms
45.12.31.128,443,0.0.0.0,SG,Singapore,官方,180 ms
128.199.221.58,443,128.199.221.58,SG,Singapore,中转,1 ms
45.12.31.120,443,0.0.0.0,SG,Singapore,官方,205 ms
45.12.31.230,443,0.0.0.0,SG,Singapore,官方,45 ms
80.85.84.248,443,212.71.239.144,GB,London,隧道,169 ms
194.36.55.250,443,0.0.0.0,SG,Singapore,官方,30 ms
45.12.31.158,443,0.0.0.0,SG,Singapore,官方,82 ms
151.115.52.71,443,151.115.52.71,PL,Budapest,中转,247 ms
128.199.241.231,443,128.199.241.231,SG,Singapore,中转,95 ms
45.12.31.242,443,0.0.0.0,SG,Singapore,官方,206 ms
194.36.55.115,443,0.0.0.0,SG,Singapore,官方,61 ms
45.12.30.197,443,0.0.0.0,SG,Singapore,官方,130 ms
45.12.30.228,443,0.0.0.0,SG,Singapore,官方,7 ms
194.124.35.14,443,194.124.35.14,SG,Singapore,中转,45 ms
194.36.55.85,443,0.0.0.0,SG,Singapore,官方,92 ms
45.12.31.209,443,0.0.0.0,SG,Singapore,官方,119 ms
37.252.5.145,443,37.252.5.145,EE,Tallinn,中转,171 ms
45.12.30.66,443,0.0.0.0,SG,Singapore,官方,157 ms
45.12.30.94,443,0.0.0.0,SG,Singapore,官方,217 ms
194.36.55.151,443,0.0.0.0,SG,Singapore,官方,7 ms
45.12.30.83,443,0.0.0.0,SG,Singapore,官方,132 ms
31.24.230.90,443,31.24.230.90,GB,London,中转,162 ms
151.115.48.198,443,151.115.48.198,PL,Budapest,中转,254 ms
45.12.31.52,443,0.0.0.0,SG,Singapore,官方,173 ms
45.12.30.11,443,0.0.0.0,SG,Singapore,官方,49 ms
45.12.30.68,443,0.0.0.0,SG,Singapore,官方,82 ms
45.12.31.131,443,0.0.0.0,SG,Singapore,官方,6 ms
151.236.220.84,443,151.236.220.62,GB,London,隧道,160 ms
45.12.30.185,443,0.0.0.0,SG,Singapore,官方,152 ms
45.12.31.47,443,0.0.0.0,SG,Singapore,官方,164 ms
151.115.50.92,443,151.115.50.92,PL,Budapest,中转,255 ms
45.12.31.170,443,0.0.0.0,SG,Singapore,官方,200 ms
45.12.30.128,443,0.0.0.0,SG,Singapore,官方,103 ms
151.115.37.245,443,151.115.37.245,PL,Budapest,中转,250 ms
194.36.55.199,443,0.0.0.0,SG,Singapore,官方,172 ms
45.12.31.0,443,0.0.0.0,SG,Singapore,官方,178 ms
45.12.31.172,443,0.0.0.0,SG,Singapore,官方,14 ms
45.12.30.22,443,0.0.0.0,SG,Singapore,官方,119 ms
194.36.55.229,443,0.0.0.0,SG,Singapore,官方,7 ms
31.24.227.210,443,31.24.227.210,NL,Amsterdam,中转,173 ms
194.36.55.111,443,0.0.0.0,SG,Singapore,官方,157 ms
45.12.30.166,443,0.0.0.0,SG,Singapore,官方,240 ms
45.12.30.36,443,0.0.0.0,SG,Singapore,官方,29 ms
88.202.190.116,443,88.202.190.116,GB,London,中转,166 ms
194.36.55.88,443,0.0.0.0,SG,Singapore,官方,80 ms
151.115.53.252,443,151.115.53.252,PL,Budapest,中转,257 ms
45.12.31.78,443,0.0.0.0,SG,Singapore,官方,21 ms
45.12.31.247,443,0.0.0.0,SG,Singapore,官方,31 ms
88.202.183.241,443,88.202.183.241,SA,London,中转,161 ms
45.12.30.239,443,0.0.0.0,SG,Singapore,官方,104 ms
45.12.31.53,443,0.0.0.0,SG,Singapore,官方,53 ms
88.202.230.225,443,88.202.230.225,GB,London,中转,167 ms
194.36.55.235,443,0.0.0.0,SG,Singapore,官方,49 ms
45.12.30.207,443,0.0.0.0,SG,Singapore,官方,189 ms
178.79.135.62,443,109.74.203.173,GB,London,隧道,156 ms
45.12.31.50,443,0.0.0.0,SG,Singapore,官方,104 ms
45.12.30.199,443,0.0.0.0,SG,Singapore,官方,31 ms
45.12.30.7,443,0.0.0.0,SG,Singapore,官方,102 ms
178.79.163.186,443,178.79.139.89,GB,London,隧道,161 ms
45.12.31.80,443,0.0.0.0,SG,Singapore,官方,52 ms
31.24.230.5,443,31.24.230.5,GB,London,中转,166 ms
151.115.47.39,443,151.115.47.39,PL,Budapest,中转,248 ms
194.36.55.20,443,0.0.0.0,SG,Singapore,官方,120 ms
45.12.31.221,443,0.0.0.0,SG,Singapore,官方,60 ms
128.199.42.139,443,2a03:b0c0:2:d0::4a7:8001,NL,Amsterdam,隧道,162 ms
31.24.224.171,443,31.24.224.171,GB,London,中转,152 ms
82.163.73.41,443,82.163.73.41,GB,London,中转,152 ms
45.12.31.108,443,0.0.0.0,SG,Singapore,官方,146 ms
45.12.31.122,443,0.0.0.0,SG,Singapore,官方,188 ms
88.202.185.31,443,88.202.185.31,GB,London,中转,161 ms
176.58.102.89,443,139.162.206.53,GB,London,隧道,162 ms
163.172.137.253,443,163.172.137.253,FR,Paris,中转,243 ms
45.12.30.182,443,0.0.0.0,SG,Singapore,官方,58 ms
45.12.31.187,443,0.0.0.0,SG,Singapore,官方,143 ms
45.155.222.200,443,45.155.222.200,US,Los Angeles,中转,180 ms
163.172.154.211,443,163.172.154.211,FR,Paris,中转,242 ms
85.159.212.105,443,213.219.39.105,GB,London,隧道,239 ms
176.58.105.43,443,176.58.105.38,GB,London,隧道,160 ms
45.12.30.245,443,0.0.0.0,SG,Singapore,官方,162 ms
163.172.137.63,443,163.172.137.63,FR,Paris,中转,231 ms
85.113.71.134,443,85.113.71.134,HK,Hong Kong,中转,137 ms
45.12.30.168,443,0.0.0.0,SG,Singapore,官方,95 ms
45.12.30.146,443,0.0.0.0,SG,Singapore,官方,54 ms
194.36.55.62,443,0.0.0.0,SG,Singapore,官方,88 ms
45.12.30.203,443,0.0.0.0,SG,Singapore,官方,25 ms
45.12.31.126,443,0.0.0.0,SG,Singapore,官方,141 ms
45.12.30.91,443,0.0.0.0,SG,Singapore,官方,78 ms
45.12.30.13,443,0.0.0.0,SG,Singapore,官方,132 ms
194.36.55.104,443,0.0.0.0,SG,Singapore,官方,234 ms
45.12.31.134,443,0.0.0.0,SG,Singapore,官方,117 ms
194.36.55.192,443,0.0.0.0,SG,Singapore,官方,108 ms
109.74.198.59,443,109.74.198.174,GB,London,隧道,181 ms
194.36.55.198,443,0.0.0.0,SG,Singapore,官方,224 ms
217.174.240.151,443,217.174.240.141,GB,Paris,隧道,159 ms
88.80.187.189,443,88.80.187.178,GB,London,隧道,237 ms
45.12.30.63,443,0.0.0.0,SG,Singapore,官方,98 ms
45.12.30.167,443,0.0.0.0,SG,Singapore,官方,1 ms
31.24.227.95,443,31.24.227.95,NL,Amsterdam,中转,163 ms
194.36.55.117,443,0.0.0.0,SG,Singapore,官方,175 ms
128.199.226.180,443,128.199.226.180,SG,Singapore,中转,2 ms
194.36.55.26,443,0.0.0.0,SG,Singapore,官方,68 ms
45.12.31.236,443,0.0.0.0,SG,Singapore,官方,112 ms
194.36.55.71,443,0.0.0.0,SG,Singapore,官方,91 ms
194.36.55.142,443,0.0.0.0,SG,Singapore,官方,25 ms
45.12.31.151,443,0.0.0.0,SG,Singapore,官方,121 ms
163.172.188.123,443,163.172.188.123,FR,Paris,中转,242 ms
178.79.172.68,443,178.79.148.203,GB,London,隧道,220 ms
45.12.31.63,443,0.0.0.0,SG,Singapore,官方,24 ms
88.202.185.44,443,88.202.185.44,GB,London,中转,155 ms
194.36.55.10,443,0.0.0.0,SG,Singapore,官方,87 ms
194.36.55.222,443,0.0.0.0,SG,Singapore,官方,62 ms
212.71.245.93,443,212.71.235.161,GB,London,隧道,162 ms
45.12.31.17,443,0.0.0.0,SG,Singapore,官方,158 ms
45.12.30.100,443,0.0.0.0,SG,Singapore,官方,77 ms
151.115.33.193,443,151.115.33.193,PL,Budapest,中转,245 ms
45.12.31.237,443,0.0.0.0,SG,Singapore,官方,15 ms
45.12.30.157,443,0.0.0.0,SG,Singapore,官方,137 ms
178.79.177.44,443,178.79.177.138,GB,London,隧道,161 ms
193.176.31.233,443,193.176.31.233,GB,Amsterdam,中转,248 ms
45.12.31.254,443,0.0.0.0,SG,Singapore,官方,180 ms
31.24.224.150,443,31.24.224.150,GB,London,中转,156 ms
45.12.30.42,443,0.0.0.0,SG,Singapore,官方,144 ms
82.163.73.30,443,82.163.73.30,GB,London,中转,167 ms
178.79.138.9,443,139.162.223.31,GB,London,隧道,182 ms
194.36.55.213,443,0.0.0.0,SG,Singapore,官方,82 ms
176.58.121.83,443,176.58.121.120,GB,London,隧道,199 ms
151.115.41.216,443,151.115.41.216,PL,Budapest,中转,245 ms
194.36.49.8,443,0.0.0.0,SG,Singapore,官方,70 ms
45.12.30.62,443,0.0.0.0,SG,Singapore,官方,103 ms
45.12.30.110,443,0.0.0.0,SG,Singapore,官方,139 ms
128.199.58.93,443,128.199.58.93,NL,Amsterdam,中转,159 ms
45.12.31.159,443,0.0.0.0,SG,Singapore,官方,50 ms
151.115.63.211,443,151.115.63.211,PL,Budapest,中转,250 ms
151.115.46.79,443,151.115.46.79,PL,Budapest,中转,266 ms
163.172.191.83,443,163.172.191.83,FR,Paris,中转,250 ms
31.24.227.224,443,31.24.227.224,NL,Amsterdam,中转,182 ms
194.36.55.160,443,0.0.0.0,SG,Singapore,官方,196 ms
163.172.186.120,443,163.172.186.120,FR,Paris,中转,242 ms
194.36.55.37,443,0.0.0.0,SG,Singapore,官方,118 ms
178.79.144.28,443,176.58.122.34,GB,London,隧道,159 ms
128.199.30.65,443,128.199.30.65,IN,Mumbai,中转,41 ms
159.100.206.88,443,199.59.228.211,US,Chicago,隧道,187 ms
45.12.31.141,443,0.0.0.0,SG,Singapore,官方,29 ms
194.36.55.172,443,0.0.0.0,SG,Singapore,官方,121 ms
45.12.31.243,443,0.0.0.0,SG,Singapore,官方,93 ms
151.115.59.85,443,151.115.59.85,PL,Budapest,中转,248 ms
45.12.31.101,443,0.0.0.0,SG,Singapore,官方,167 ms
151.115.57.101,443,151.115.57.101,PL,Budapest,中转,247 ms
176.58.96.62,443,109.74.204.142,GB,London,隧道,162 ms
45.12.30.33,443,0.0.0.0,SG,Singapore,官方,119 ms
194.36.55.3,443,0.0.0.0,SG,Singapore,官方,186 ms
146.185.19.212,443,146.185.19.212,US,London,中转,162 ms
194.36.55.121,443,0.0.0.0,SG,Singapore,官方,186 ms
128.199.23.34,443,128.199.23.34,IN,Mumbai,中转,41 ms
178.79.168.241,443,178.79.168.145,GB,London,隧道,159 ms
45.12.31.92,443,0.0.0.0,SG,Singapore,官方,117 ms
45.12.30.12,443,0.0.0.0,SG,Singapore,官方,130 ms
45.12.30.27,443,0.0.0.0,SG,Singapore,官方,127 ms
45.12.30.223,443,0.0.0.0,SG,Singapore,官方,143 ms
176.58.98.4,443,176.58.98.152,GB,London,隧道,165 ms
45.12.31.1,443,0.0.0.0,SG,Singapore,官方,169 ms
45.12.30.148,443,0.0.0.0,SG,Singapore,官方,240 ms
45.12.31.245,443,0.0.0.0,SG,Singapore,官方,182 ms
185.80.220.38,443,185.80.220.38,GB,Amsterdam,中转,170 ms
185.93.182.30,443,185.93.182.30,ES,Madrid,中转,245 ms
194.36.55.190,443,0.0.0.0,SG,Singapore,官方,204 ms
45.12.31.12,443,0.0.0.0,SG,Singapore,官方,70 ms
31.24.227.136,443,31.24.227.136,NL,Amsterdam,中转,165 ms
194.36.55.39,443,0.0.0.0,SG,Singapore,官方,37 ms
80.85.87.119,443,176.58.105.66,GB,London,隧道,167 ms
45.12.30.149,443,0.0.0.0,SG,Singapore,官方,45 ms
176.58.107.55,443,139.162.254.67,GB,London,隧道,180 ms
45.12.31.222,443,0.0.0.0,SG,Singapore,官方,60 ms
45.12.30.175,443,0.0.0.0,SG,Singapore,官方,106 ms
194.36.55.195,443,0.0.0.0,SG,Singapore,官方,123 ms
194.36.55.242,443,0.0.0.0,SG,Singapore,官方,88 ms
194.36.55.139,443,0.0.0.0,SG,Singapore,官方,152 ms
163.172.159.70,443,163.172.159.70,FR,Paris,中转,246 ms
45.12.31.179,443,0.0.0.0,SG,Singapore,官方,45 ms
31.24.224.166,443,31.24.224.166,GB,London,中转,165 ms
45.12.31.206,443,0.0.0.0,SG,Singapore,官方,50 ms
194.36.55.103,443,0.0.0.0,SG,Singapore,官方,110 ms
178.79.166.88,443,178.79.166.175,GB,London,隧道,167 ms
45.12.30.17,443,0.0.0.0,SG,Singapore,官方,175 ms
178.79.190.253,443,139.162.236.119,GB,London,隧道,159 ms
45.12.30.129,443,0.0.0.0,SG,Singapore,官方,70 ms
45.12.31.130,443,0.0.0.0,SG,Singapore,官方,158 ms
194.36.55.234,443,0.0.0.0,SG,Singapore,官方,59 ms
194.36.55.246,443,0.0.0.0,SG,Singapore,官方,211 ms
45.12.30.202,443,0.0.0.0,SG,Singapore,官方,18 ms
31.24.227.57,443,31.24.227.57,NL,Amsterdam,中转,234 ms
45.12.30.220,443,0.0.0.0,SG,Singapore,官方,43 ms
45.12.31.162,443,0.0.0.0,SG,Singapore,官方,66 ms
178.79.182.40,443,178.79.182.33,GB,London,隧道,199 ms
178.79.159.87,443,2a01:7e00::f03c:93ff:febc:1a0e,GB,London,隧道,163 ms
194.36.55.215,443,0.0.0.0,SG,Singapore,官方,63 ms
45.12.30.232,443,0.0.0.0,SG,Singapore,官方,31 ms
194.36.55.181,443,0.0.0.0,SG,Singapore,官方,36 ms
45.12.31.5,443,0.0.0.0,SG,Singapore,官方,80 ms
128.199.186.30,443,128.199.186.30,SG,Singapore,中转,212 ms
151.115.35.245,443,151.115.35.245,PL,Budapest,中转,255 ms
141.11.97.218,443,141.11.97.218,US,Los Angeles,中转,182 ms
45.12.30.240,443,0.0.0.0,SG,Singapore,官方,125 ms
194.36.55.169,443,0.0.0.0,SG,Singapore,官方,230 ms
151.115.38.244,443,151.115.38.244,PL,Budapest,中转,251 ms
45.12.31.178,443,0.0.0.0,SG,Singapore,官方,222 ms
45.12.31.238,443,0.0.0.0,SG,Singapore,官方,176 ms
88.80.190.100,443,151.236.221.227,GB,London,隧道,161 ms
45.12.31.169,443,0.0.0.0,SG,Singapore,官方,145 ms
45.12.31.64,443,0.0.0.0,SG,Singapore,官方,82 ms
45.12.31.226,443,0.0.0.0,SG,Singapore,官方,154 ms
45.12.31.15,443,0.0.0.0,SG,Singapore,官方,27 ms
194.36.55.66,443,0.0.0.0,SG,Singapore,官方,128 ms
163.172.159.67,443,163.172.159.67,FR,Paris,中转,234 ms
45.12.30.254,443,0.0.0.0,SG,Singapore,官方,86 ms
176.58.98.248,443,176.58.98.206,GB,London,隧道,157 ms
45.12.30.14,443,0.0.0.0,SG,Singapore,官方,17 ms
45.12.30.90,443,0.0.0.0,SG,Singapore,官方,165 ms
194.36.55.186,443,0.0.0.0,SG,Singapore,官方,37 ms
178.79.160.35,443,139.162.228.241,GB,London,隧道,154 ms
45.12.31.114,443,0.0.0.0,SG,Singapore,官方,97 ms
194.36.55.241,443,0.0.0.0,SG,Singapore,官方,220 ms
45.12.31.97,443,0.0.0.0,SG,Singapore,官方,33 ms
151.115.57.196,443,151.115.57.196,PL,Budapest,中转,246 ms
45.12.30.41,443,0.0.0.0,SG,Singapore,官方,57 ms
176.58.106.173,443,176.58.106.102,GB,London,隧道,161 ms
45.12.31.225,443,0.0.0.0,SG,Singapore,官方,176 ms
194.36.55.130,443,0.0.0.0,SG,Singapore,官方,78 ms
151.115.45.14,443,151.115.45.14,PL,Budapest,中转,249 ms
45.12.31.16,443,0.0.0.0,SG,Singapore,官方,111 ms
45.12.30.153,443,0.0.0.0,SG,Singapore,官方,41 ms
212.71.235.41,443,109.74.199.212,GB,London,隧道,163 ms
194.36.55.236,443,0.0.0.0,SG,Singapore,官方,147 ms
185.3.95.114,443,178.79.149.224,GB,London,隧道,232 ms
213.52.129.178,443,109.74.193.147,GB,London,隧道,161 ms
128.199.92.236,443,128.199.92.236,SG,Singapore,中转,216 ms
194.36.55.253,443,0.0.0.0,SG,Singapore,官方,12 ms
45.12.30.30,443,0.0.0.0,SG,Singapore,官方,149 ms
151.115.44.7,443,151.115.44.7,PL,Budapest,中转,324 ms
45.12.30.29,443,0.0.0.0,SG,Singapore,官方,23 ms
45.12.31.182,443,0.0.0.0,SG,Singapore,官方,68 ms
128.199.13.113,443,128.199.13.113,US,San Jose,中转,196 ms
45.12.30.19,443,0.0.0.0,SG,Singapore,官方,45 ms
128.199.74.255,443,128.199.74.255,SG,Singapore,中转,47 ms
45.12.30.179,443,0.0.0.0,SG,Singapore,官方,66 ms
45.12.31.118,443,0.0.0.0,SG,Singapore,官方,86 ms
45.12.31.150,443,0.0.0.0,SG,Singapore,官方,125 ms
45.12.30.242,443,0.0.0.0,SG,Singapore,官方,112 ms
31.24.224.175,443,31.24.224.175,GB,London,中转,152 ms
194.36.55.211,443,0.0.0.0,SG,Singapore,官方,224 ms
45.12.31.93,443,0.0.0.0,SG,Singapore,官方,88 ms
45.12.30.231,443,0.0.0.0,SG,Singapore,官方,61 ms
151.115.42.127,443,151.115.42.127,PL,Budapest,中转,250 ms
128.199.204.209,443,2400:6180:0:d0::1031:8001,SG,Singapore,隧道,40 ms
45.12.30.229,443,0.0.0.0,SG,Singapore,官方,47 ms
45.12.30.135,443,0.0.0.0,SG,Singapore,官方,87 ms
194.36.55.162,443,0.0.0.0,SG,Singapore,官方,8 ms
194.36.55.57,443,0.0.0.0,SG,Singapore,官方,64 ms
151.115.58.205,443,151.115.58.205,PL,Budapest,中转,247 ms
194.36.55.161,443,0.0.0.0,SG,Singapore,官方,1 ms
88.80.186.142,443,139.162.244.176,GB,London,隧道,162 ms
163.172.177.163,443,163.172.177.163,FR,Paris,中转,244 ms
88.202.230.27,443,88.202.230.27,GB,London,中转,165 ms
45.12.30.72,443,0.0.0.0,SG,Singapore,官方,166 ms
151.236.222.92,443,139.162.209.61,GB,London,隧道,161 ms
45.12.31.46,443,0.0.0.0,SG,Singapore,官方,177 ms
45.12.30.189,443,0.0.0.0,SG,Singapore,官方,9 ms
45.12.31.199,443,0.0.0.0,SG,Singapore,官方,48 ms
45.12.30.204,443,0.0.0.0,SG,Singapore,官方,20 ms
45.12.30.80,443,0.0.0.0,SG,Singapore,官方,110 ms
45.12.31.207,443,0.0.0.0,SG,Singapore,官方,129 ms
151.115.58.100,443,151.115.58.100,PL,Budapest,中转,263 ms
151.115.61.210,443,151.115.61.210,PL,Budapest,中转,250 ms
45.12.30.177,443,0.0.0.0,SG,Singapore,官方,133 ms
194.36.55.128,443,0.0.0.0,SG,Singapore,官方,55 ms
45.12.31.241,443,0.0.0.0,SG,Singapore,官方,34 ms
31.24.230.23,443,31.24.230.23,GB,London,中转,212 ms
45.12.30.139,443,0.0.0.0,SG,Singapore,官方,74 ms
45.12.30.70,443,0.0.0.0,SG,Singapore,官方,69 ms
45.12.30.57,443,0.0.0.0,SG,Singapore,官方,34 ms
194.36.55.9,443,0.0.0.0,SG,Singapore,官方,63 ms
45.12.31.144,443,0.0.0.0,SG,Singapore,官方,161 ms
194.36.55.100,443,0.0.0.0,SG,Singapore,官方,193 ms
45.12.31.250,443,0.0.0.0,SG,Singapore,官方,148 ms
194.36.55.248,443,0.0.0.0,SG,Singapore,官方,11 ms
45.12.30.103,443,0.0.0.0,SG,Singapore,官方,216 ms
194.36.55.231,443,0.0.0.0,SG,Singapore,官方,9 ms
45.12.30.102,443,0.0.0.0,SG,Singapore,官方,40 ms
194.36.55.136,443,0.0.0.0,SG,Singapore,官方,65 ms
194.36.55.238,443,0.0.0.0,SG,Singapore,官方,67 ms
45.12.31.99,443,0.0.0.0,SG,Singapore,官方,94 ms
194.36.55.67,443,0.0.0.0,SG,Singapore,官方,185 ms
45.12.30.249,443,0.0.0.0,SG,Singapore,官方,92 ms
151.115.49.181,443,151.115.49.181,PL,Budapest,中转,260 ms
185.80.221.26,443,185.80.221.26,NL,Amsterdam,中转,188 ms
45.12.30.200,443,0.0.0.0,SG,Singapore,官方,83 ms
77.68.50.66,443,77.68.50.66,GB,Paris,中转,166 ms
45.12.30.156,443,0.0.0.0,SG,Singapore,官方,84 ms
88.202.185.13,443,88.202.185.13,GB,London,中转,228 ms
45.12.31.212,443,0.0.0.0,SG,Singapore,官方,78 ms
45.12.30.201,443,0.0.0.0,SG,Singapore,官方,6 ms
45.12.30.43,443,0.0.0.0,SG,Singapore,官方,48 ms
178.79.171.119,443,109.74.199.5,GB,London,隧道,206 ms
45.12.31.40,443,0.0.0.0,SG,Singapore,官方,77 ms
45.12.30.21,443,0.0.0.0,SG,Singapore,官方,37 ms
194.36.55.244,443,0.0.0.0,SG,Singapore,官方,128 ms
212.71.234.7,443,151.236.221.103,GB,London,隧道,163 ms
45.12.30.211,443,0.0.0.0,SG,Singapore,官方,83 ms
178.79.160.116,443,176.58.125.161,GB,London,隧道,153 ms
77.68.48.9,443,77.68.48.9,GB,London,中转,328 ms
185.2.139.213,443,185.2.139.213,US,London,中转,155 ms
176.58.105.65,443,176.58.105.193,GB,London,隧道,158 ms
151.115.54.106,443,151.115.54.106,PL,Budapest,中转,246 ms
